id,category,idea
BONG-0001,Food & Cooking,"A pizza box needs a corner full of extra toppings. Halfway through, you could change your mind about what pizza you ordered."
BONG-0002,Home & Everyday Objects,A shelf that folds out of the door when you arrive carrying too much. How many shelves are currently on the wrong side of the problem?
BONG-0003,Friendship & Social Life,A party needs a little departures board so 'leaving in five minutes' can be updated honestly without making another announcement.
BONG-0004,Time & Memory,What if you could save unused hours from a boring day and spend them on a good one? I'd waste a whole Wednesday for another hour at the beach.
BONG-0005,Language & Communication,"There should be punctuation for 'I know how this sounds, but please let me finish.'"
BONG-0006,Nature & Outdoors,Put a bench in front of a completely ordinary wall and call it a viewpoint. How long before someone sits down to see what they're missing?
BONG-0007,Animals & Pets,My dog watches me put clothes in a suitcase and knows something's wrong. He's worked out packing without ever needing to pack.
BONG-0008,Travel & Transport,A train ticket should suggest one thing to look for out the window. Not a landmark. A tiny side quest for the journey.
BONG-0009,Cities & Public Spaces,A town square with one enormous dining table instead of separate benches. Passing the salt could become a way of meeting someone.
BONG-0010,Art & Creativity,Paint something specifically to be seen through a half-open door from the next room. Would it look wrong if you stood right in front of it?
BONG-0011,Games & Play,"Chess, but you have to persuade the pieces to move. You can see the winning move. Unfortunately, the horse doesn't like you."
BONG-0012,Work & Meetings,Every meeting should have an empty chair labeled 'the person who has to do the thing we are casually suggesting.'
BONG-0013,Technology & Screens,Browser tabs should get further apart the less they have to do with each other. I want to see the actual distance between my work and the soup recipe.
BONG-0014,DIY & Making,Make a lampshade from paper windows around a cool LED light. Switch it on and the room looks like a neighborhood after dark.
BONG-0015,Shops & Services,"A shop that sells the one bit that broke. Not the whole replacement thing. Just the lid, the clip, the weird plastic corner."
BONG-0016,Sleep & Dreams,An alarm that plays your own explanation of why you wanted to get up early. Let's see whether last night's argument holds up.
BONG-0017,Space & Big Questions,"If aliens judged Earth by what we put in protective cases, would they think phones are the pets and we carry them around?"
BONG-0018,Music & Sound,A doorbell that starts a song when you press it and stops when the door opens. You'd find out who's taking their time by how far you get.
BONG-0019,Clothing & Personal Style,Clothes shops should show photos of people sitting down in the clothes. That's what most of us are buying them to do.
BONG-0020,Small Experiments,Give someone an unfamiliar kitchen gadget and ask them to demonstrate what they think it does before telling them. Their version might be better.
BONG-0021,Food & Cooking,Soup needs a shoreline. Give me a bowl with a little bread beach so I can decide exactly how wet each bite gets.
BONG-0022,Home & Everyday Objects,A sofa should come with a map of its internal geography. I've lost enough coins in there to justify naming the regions.
BONG-0023,Friendship & Social Life,Friends should come with instructions. Mine would start with 'not talking doesn't mean I'm upset.'
BONG-0024,Time & Memory,Write tomorrow's diary entry tonight. Then see which parts of the day you actually managed to predict.
BONG-0025,Language & Communication,How many words started because someone misheard something and neither person checked?
BONG-0026,Nature & Outdoors,"What if we named clouds collectively while they passed overhead? Two streets over, the same cloud could already have a completely different reputation."
BONG-0027,Animals & Pets,A cat tree built around the one actual tree visible from the window. Would the cat notice its indoor version is missing some branches?
BONG-0028,Travel & Transport,A bus with a 'happy to chat' section. Everyone else gets to stare out the window without wondering if they're being rude.
BONG-0029,Cities & Public Spaces,"What if buildings wore temporary name tags for their previous uses? 'Hi, I used to be a cinema' would explain some very dramatic pharmacies."
BONG-0030,Art & Creativity,An exhibition of empty display stands. Could you guess what used to sit on each one just from the shape of the support?
BONG-0031,Games & Play,"A board game where the winner secretly has to do the dishes. Only one player knows this, and they're losing very convincingly."
BONG-0032,Work & Meetings,A printer with a preview slot that shows one strip of the page before using a whole sheet. Let me stop it when the first letter is already enormous.
BONG-0033,Technology & Screens,"When you delete a file, it moves into a village with all your other deleted files. I'd keep checking on the essay I abandoned in 2014."
BONG-0034,DIY & Making,Make a cardboard version of your room so you can try moving the furniture without moving the furniture.
BONG-0035,Shops & Services,"A bakery that sells dough at every stage. Pick it up before work, after work, or already baked, depending on how ambitious you're still feeling."
BONG-0036,Sleep & Dreams,What if dreams came with end credits? I'd like to know who cast my old maths teacher as the captain of a supermarket.
BONG-0037,Space & Big Questions,Space travel would be less lonely with a screen showing the view from your old kitchen window. I'd cross the galaxy and still check if it's raining at home.
BONG-0038,Music & Sound,Record the sound of every drawer in your kitchen and make a drum kit. Finally find out whether the cutlery drawer has been carrying the band.
BONG-0039,Clothing & Personal Style,A jacket with a pocket that can only be reached while you're wearing it inside out. Perfect place for something you shouldn't impulse-buy anything with.
BONG-0040,Small Experiments,Sort your possessions by how far they traveled to get to you. Which thing on your shelf has had the most interesting life?
BONG-0041,Food & Cooking,What if restaurant menus had a page for the meal you imagined on the way there? You describe it badly and the kitchen negotiates.
BONG-0042,Home & Everyday Objects,Put a visit counter on every door in the house. I want to see which room I keep entering for absolutely no reason.
BONG-0043,Friendship & Social Life,"At dinner, everyone tells a true story but stops halfway. The table guesses the ending before hearing what actually happened."
BONG-0044,Time & Memory,"What if photographs captured what you were about to say? Half my family album would be called 'wait, not yet.'"
BONG-0045,Language & Communication,Stare at a word until it stops looking like a word. Then try to invent a better spelling before the original starts making sense again.
BONG-0046,Nature & Outdoors,"Map all the puddles in your neighborhood after it rains. For a few hours, you've got completely different geography."
BONG-0047,Animals & Pets,"A guest book for your pet, where visitors write what they think the pet thought of them."
BONG-0048,Travel & Transport,"Pack for a trip using a list written after your previous trip, not before it. Let the person who actually went advise the person getting excited."
BONG-0049,Cities & Public Spaces,A fountain with stepping stones that only appear when the water drops. Crossing it would involve waiting for the fountain to let you through.
BONG-0050,Art & Creativity,Write a film where the background extra slowly realizes they're the only person who still has ordinary errands to finish.
BONG-0051,Games & Play,Make a treasure hunt where each clue tells you which object to notice rather than where to go. The whole adventure could happen in one room.
BONG-0052,Work & Meetings,Job titles should describe what people actually ask you for. 'Knows Which Cable' sounds more useful than whatever's on the contract.
BONG-0053,Technology & Screens,Loading screens should show what the computer is actually doing. I'd rather watch it find a file than stare at 78%.
BONG-0054,DIY & Making,Drawer dividers shaped around what you actually own. Stop making the scissors share a rectangle with everything that isn't scissors.
BONG-0055,Shops & Services,A repair shop window full of before-and-after pictures of the weirdest things they've fixed. I'd stop to look at that.
BONG-0056,Sleep & Dreams,"A notepad built into the pillowcase. Write the thought down without sitting up, then see if you can read any of it in the morning."
BONG-0057,Space & Big Questions,What would we actually do if the moon displayed a loading symbol for ten minutes and then went back to normal?
BONG-0058,Music & Sound,A gig where the band learns the audience's song instead of the other way around. Hundreds of people trying to teach four people a chorus.
BONG-0059,Clothing & Personal Style,"If shoes kept travel diaries, your scruffiest pair would probably have the best stories."
BONG-0060,Small Experiments,Draw your room from memory. Then look around and see which things apparently haven't earned a place in your brain.
BONG-0061,Food & Cooking,"Cereal with a separate bag of the good bits, so I can decide which mouthful deserves them."
BONG-0062,Home & Everyday Objects,That chair full of half-worn clothes needs to become actual furniture. A wardrobe for things you aren't ready to make a decision about.
BONG-0063,Friendship & Social Life,A group chat should occasionally print one message on a physical receipt. Not the best one. The one everyone needs to answer for.
BONG-0064,Time & Memory,Birthdays should come with update notes. 'Likes olives now. Still gets pasta quantities wrong.'
BONG-0065,Language & Communication,A guessing game where you only hear objects being put down. A mug is easy. What does a folded jumper sound like?
BONG-0066,Nature & Outdoors,"Someone should scan fallen leaves at full size and tile a floor with them. Autumn, but you can walk barefoot and nothing goes soggy."
BONG-0067,Animals & Pets,Film pigeons like they're in a serious wildlife documentary. An entire camera crew waiting to see if one gets the chip under the bench.
BONG-0068,Travel & Transport,An airport garden you can visit without leaving security. I want to sit under a real tree between flights.
BONG-0069,Cities & Public Spaces,Cities need occasional blank plaques so people can nominate things that happened there but were never going to make official history.
BONG-0070,Art & Creativity,Art galleries should put the first attempt beside the finished piece. I want to know how bad it looked before it got good.
BONG-0071,Games & Play,"What if the final boss in a game was the tutorial character, disappointed that you still don't understand the controls?"
BONG-0072,Work & Meetings,A presentation remote with a 'this slide was a mistake' button. Skip it without everyone having to sit through the apology.
BONG-0073,Technology & Screens,Your phone needs a button that opens the thing you meant to open before you saw the other thing.
BONG-0074,DIY & Making,Build a tiny podium for dinner-table announcements. Stand a salt shaker behind it when nobody has anything important to say.
BONG-0075,Shops & Services,Open a shop where every item comes with the story of why the previous owner thought they needed it.
BONG-0076,Sleep & Dreams,Build a tiny model of a room from a dream and see whether it can actually have the number of doors you remember.
BONG-0077,Space & Big Questions,"A museum full of unanswered questions, with empty spaces where the answers will eventually go."
BONG-0078,Music & Sound,An instrument with two handles that only makes a note when both players agree on where to move them. Playing a song would be a conversation.
BONG-0079,Clothing & Personal Style,A scarf with a maze printed on it that only has a solution when you fold it the right way.
BONG-0080,Small Experiments,Pick the smallest annoying thing in your house and fix it with cardboard. No ordering parts. See whether the ugly version is already enough.
BONG-0081,Food & Cooking,Cookbooks need a second photo showing what the meal looks like when you're tired and missing two ingredients.
BONG-0082,Home & Everyday Objects,A doormat that leaves a temporary arrow in the pile showing whether someone last went in or out. Useful until the dog ruins the evidence.
BONG-0083,Friendship & Social Life,"Party invitations need a 'might come, don't buy food for me' option. I don't want my uncertainty to become six extra burgers."
BONG-0084,Time & Memory,"You should get a trailer for tomorrow, but only the boring bits. A kettle, some stairs, a queue. How much could you work out?"
BONG-0085,Language & Communication,We need a tense for plans everyone is still discussing even though nobody believes they're happening.
BONG-0086,Nature & Outdoors,"What if rain arrived in neatly separated rooms, so you could step sideways out of it and continue the same conversation?"
BONG-0087,Animals & Pets,What if dogs name us after the sound of our keys?
BONG-0088,Travel & Transport,"A map should have a mode that hides places you've already been, so your own town briefly becomes an unfinished exploration game."
BONG-0089,Cities & Public Spaces,A neighborhood microphone for announcements that don't deserve a whole meeting. 'Found my drill. It was under the other drill.'
BONG-0090,Art & Creativity,Ask five people who know you from different places to describe you to a portrait artist. See if they all draw the same person.
BONG-0091,Games & Play,"A jigsaw puzzle should come with one entirely unrelated piece. You can finish the picture, but not the investigation."
BONG-0092,Work & Meetings,Meeting-room chairs that rotate toward whoever's speaking. You'd immediately notice when two people are having a separate meeting.
BONG-0093,Technology & Screens,A video-call button that says 'my face is frozen but I can still hear you.' Saves everyone making the same discovery five times.
BONG-0094,DIY & Making,A pencil holder with a picture behind the pencils that you can only see once you've lent them all out.
BONG-0095,Shops & Services,Shopping baskets need a divider between 'came for this' and 'saw it on the way.' I want to know where dinner ends and the detour begins.
BONG-0096,Sleep & Dreams,"Imagine getting a bill for all the places you went in a dream. Three taxis, a flight, and apparently you rented a castle."
BONG-0097,Space & Big Questions,"If teleportation existed, would moving house become easier or would we simply own furniture that was even less reasonable to transport?"
BONG-0098,Music & Sound,An album of background noises from people's favorite ordinary places could be much more personal than another playlist of favorite songs.
BONG-0099,Clothing & Personal Style,Design your outfit around what you need to carry. Start with the pockets and work outward.
BONG-0100,Small Experiments,Describe an imaginary machine in one sentence and get five people to draw it. Don't explain anything until they're finished.
BONG-0101,Food & Cooking,Decide what you want the last bite to be before making the meal. Then figure out how to eat toward it.
BONG-0102,Home & Everyday Objects,A lamp that moves its light to wherever you last put your book down. The room would keep suggesting you finish the chapter.
BONG-0103,Friendship & Social Life,What if friends could trade one boring errand each month? Someone else's routine might feel like a short undercover assignment.
BONG-0104,Time & Memory,Make a time capsule full of things you currently think are too boring to include. That's probably where the actual era is hiding.
BONG-0105,Language & Communication,What if subtitles included the sentence someone almost said? Every polite conversation would suddenly have a director's cut.
BONG-0106,Nature & Outdoors,A garden where every plant is something you've accidentally managed to keep alive before. No buying a difficult one because this time feels different.
BONG-0107,Animals & Pets,Paint a pet portrait with the thing it actually cares about. Not a throne. The cardboard box it won't let you throw away.
BONG-0108,Travel & Transport,"A suitcase that opens like a book, one layer at a time. You could get to Tuesday without emptying the rest of the week onto the floor."
BONG-0109,Cities & Public Spaces,A public bench with a rotating backrest could let you choose between looking at the view and watching everyone look at the view.
BONG-0110,Art & Creativity,Draw the same mug with your wrong hand every day for a month. At what point does the drawing stop looking like an accident?
BONG-0111,Games & Play,Hide an object without telling anyone what it is. They have to figure out both what's missing and where you put it.
BONG-0112,Work & Meetings,Calendars should leave time after meetings for remembering what you were doing before the meeting.
BONG-0113,Technology & Screens,Screenshots need a space for why you took them. I have a picture of a chair that apparently used to mean something.
BONG-0114,DIY & Making,Turn an old umbrella canopy into a lampshade over a cool LED light. It would look like the room is having indoor weather.
BONG-0115,Shops & Services,Supermarkets should put everything for one easy dinner beside the checkout. For people who've filled a basket and still somehow have no meal.
BONG-0116,Sleep & Dreams,A bedroom ceiling could have a map of an imaginary town that you gradually explore while waiting to fall asleep.
BONG-0117,Space & Big Questions,Would aliens think we eat plates if the only footage they saw cut off before we started eating?
BONG-0118,Music & Sound,Make a song using only the sounds of making tea. The kettle can hold a note longer than I can.
BONG-0119,Clothing & Personal Style,"A wardrobe section for the person you thought you were going to become. Hiking trousers, club shirt, whatever required a different life."
BONG-0120,Small Experiments,Photograph the cheapest thing you own like it's about to sell for a million. How much of expensive-looking is just lighting?
BONG-0121,Food & Cooking,A snack with different flavors on either side. Flip it halfway through a bite and see if your mouth believes you're eating two things.
BONG-0122,Home & Everyday Objects,Furniture with replaceable outer corners. Those are the bits I destroy moving it; the entire middle is doing fine.
BONG-0123,Friendship & Social Life,"A conversation needs bookmarks. Sometimes we're four subjects away from something I still had an excellent, increasingly irrelevant response to."
BONG-0124,Time & Memory,A watch counting down to sunset instead of up from midnight. Would you spend the afternoon differently?
BONG-0125,Language & Communication,"Instructions that change depending on the mistake you're making. 'No, the other end. Still the other end. Put it down for a second.'"
BONG-0126,Nature & Outdoors,Make a velvet case for a rock that fits your hand perfectly. Is it still just a rock once it has its own case?
BONG-0127,Animals & Pets,"If fish could see through the back of an aquarium, would they get annoyed that we put the least interesting view against the wall?"
BONG-0128,Travel & Transport,A walking route planned entirely around good places to sit down.
BONG-0129,Cities & Public Spaces,Construction fences should have viewing holes at different heights. I was much more interested in diggers when I was too short to see over the fence.
BONG-0130,Art & Creativity,A whole novel told through notes on a shared fridge. You only find out someone moved out because their name disappears from the milk.
BONG-0131,Games & Play,A racing game where you design the track while the other person drives it. They're getting closer and you still haven't decided where the next corner goes.
BONG-0132,Work & Meetings,"Every project needs a 'we already tried this' folder you have to open before suggesting anything. Include why it failed, not just who suggested it."
BONG-0133,Technology & Screens,A battery indicator should distinguish 'nearly empty' from 'enough for the one specific thing you're panicking about.'
BONG-0134,DIY & Making,A coaster with a little flag saying 'still drinking this.' Put it up before going to the bathroom so your half-finished pint survives.
BONG-0135,Shops & Services,A cafe where every table has a different unfinished drawing could let customers contribute one line while waiting for their order.
BONG-0136,Sleep & Dreams,I miss a house from a dream more than some houses I've actually lived in. How is that allowed?
BONG-0137,Space & Big Questions,"Would astronauts on another planet keep calling its dirt 'earth,' or would digging a hole suddenly need new words?"
BONG-0138,Music & Sound,Elevator music that finishes exactly when your floor arrives. What happens to the song when someone presses another button?
BONG-0139,Clothing & Personal Style,Socks with different designs on the inside and outside. You'd have to decide which pair to wear after you've already put them on wrong.
BONG-0140,Small Experiments,Go for a walk and collect questions instead of photos. Try to answer one when you get home.
BONG-0141,Food & Cooking,Could you make a sandwich that's equally good from every direction? Or does a sandwich need a proper entrance?
BONG-0142,Home & Everyday Objects,There's a patch of my house that's colder than the rest. I want a weather forecast just for the gap beside the bed.
BONG-0143,Friendship & Social Life,Invite friends over to work on completely different things in the same room. Nobody has to entertain anyone. You can still pass the snacks around.
BONG-0144,Time & Memory,What if you could put an ordinary Tuesday in a jar and open it when you finally realize it was a good period of your life?
BONG-0145,Language & Communication,Calling a drawer 'miscellaneous' is deciding you'll let future you find out what's in it.
BONG-0146,Nature & Outdoors,Put a marker where the garden's nicest patch of shade is each hour. A clock that tells you where to sit.
BONG-0147,Animals & Pets,"If squirrels could draw maps, would their maps show paths or just things worth digging under?"
BONG-0148,Travel & Transport,A road-trip playlist that gets quieter as the road gets confusing. Everyone already turns it down when they miss the exit.
BONG-0149,Cities & Public Spaces,A streetlight with a button that briefly dims the lights in an empty viewing area so you can see the stars. Then it brings them back for the walk home.
BONG-0150,Art & Creativity,Paint the same scene from inside one of the objects in the original painting. What did the fruit bowl see?
BONG-0151,Games & Play,Invent a game that uses the length of a hallway but needs no running. Now design a version for the much worse hallway at your friend's house.
BONG-0152,Work & Meetings,An out-of-office message should be allowed to say 'I am technically here but have run out of useful sentences for today.'
BONG-0153,Technology & Screens,A mouse cursor that leaves a trail you can replay. I want to see the exact moment I stopped working and started circling a button.
BONG-0154,DIY & Making,Build a little room between two books on the shelf. Make the window look out into the wrong book.
BONG-0155,Shops & Services,Shoe shops need a flight of stairs and a bit of uneven pavement. Every shoe feels good for six steps on carpet.
BONG-0156,Sleep & Dreams,An alarm with two buttons: 'getting up' and 'I have decided none of yesterday's plans matter.' At least the second one would be honest.
BONG-0157,Space & Big Questions,A time machine should have a 'don't let me explain anything' setting. I cannot be trusted to describe a toaster to the past.
BONG-0158,Music & Sound,A piano where a wrong note stays on until you find another note that makes it sound intentional.
BONG-0159,Clothing & Personal Style,"A hat brim that can move all the way around without turning the hat. I want shade where the sun is, not where the logo is."
BONG-0160,Small Experiments,"Write a recipe for a food that doesn't exist. Give it to someone to draw, not cook, and see if you're both imagining the same thing."
BONG-0161,Food & Cooking,What if a tasting menu got less fancy with every course until the final dish was something you eat standing over the sink?
BONG-0162,Home & Everyday Objects,Drawers with a removable back panel for retrieving the thing that's jammed behind them. Why is the only entrance also the bit that gets stuck?
BONG-0163,Friendship & Social Life,We should have a word for wanting company but not wanting to provide a report on how life is going.
BONG-0164,Time & Memory,Write yourself a letter you can only open once you've forgotten what it says. How will you know when it's safe to check?
BONG-0165,Language & Communication,Write a story narrated by a street sign. It can only tell you what passes in front of it.
BONG-0166,Nature & Outdoors,"What if trees could leave reviews of the view? 'Fine for sixty years, then someone put a supermarket directly in the best bit.'"
BONG-0167,Animals & Pets,Walking a dog is taking the same route through two completely different places. I'm looking at houses; he's following whatever happened here this morning.
BONG-0168,Travel & Transport,"Train windows that show you the name of the village you're passing, not just the station you aren't stopping at."
BONG-0169,Cities & Public Spaces,A room in a shopping center where nothing is for sale. No adverts. No membership. You can just sit there without owing anyone a coffee purchase.
BONG-0170,Art & Creativity,An orchestra scoring someone making lunch live. They need to react fast enough to make dropping the lid sound dramatic.
BONG-0171,Games & Play,A card game where the instructions are also the cards would force people to choose between learning the game and winning it.
BONG-0172,Work & Meetings,Spreadsheets should have a 'where did this number come from?' button that follows it all the way back to the person who guessed.
BONG-0173,Technology & Screens,Every website should have one page where there's nothing to do. Just a window you can leave open while it rains somewhere imaginary.
BONG-0174,DIY & Making,Build a cardboard invention before deciding what it does. Hand it to someone and ask them to show you how to use it.
BONG-0175,Shops & Services,"A service that identifies everything in your cable drawer, then tells you which devices you've been keeping the cables for despite not owning them anymore."
BONG-0176,Sleep & Dreams,What if dream characters kept living in the dream after you woke up and had to finish the extremely weird conversation without you?
BONG-0177,Space & Big Questions,A scale model of space where the walk between planets is accurate. Put the cafe somewhere inconvenient so people really understand the distances.
BONG-0178,Music & Sound,Record the sound of an old appliance before replacing it. You don't know which household noise you're going to miss until it's gone.
BONG-0179,Clothing & Personal Style,A jacket with a patch for every repair you've learned to do. Eventually you could tell who to ask about a dripping tap by looking at their sleeve.
BONG-0180,Small Experiments,Frame a dent in the wall and write down how it happened. See whether guests start asking about it instead of trying not to notice.
BONG-0181,Food & Cooking,I want a recipe that branches when you mess up. Burned the onions? Turn to page 46. You're making something else now.
BONG-0182,Home & Everyday Objects,A front door with a little window aimed down at the parcel spot. I don't need to see who's outside. I need to see what they've left.
BONG-0183,Friendship & Social Life,Get everyone at the same dinner to write what they thought the evening was about. Don't let them compare notes first.
BONG-0184,Time & Memory,Why do we celebrate starting things but not the day we finally stopped doing something pointless?
BONG-0185,Language & Communication,A dictionary you can search by what a word feels like to say. I don't know the letters. I know there's a crunchy bit in the middle.
BONG-0186,Nature & Outdoors,Wind should leave a visible trail for ten seconds. I'd spend the whole afternoon watching it try to get around the shed.
BONG-0187,Animals & Pets,"If your dog could choose one smell for the whole house, would you still be able to live in it?"
BONG-0188,Travel & Transport,A grocery receipt might be a better souvenir than a souvenir. It shows what it cost to have an ordinary lunch somewhere else.
BONG-0189,Cities & Public Spaces,"Put tiny doors around a town, with the owner's permission, and connect them on a map. Let people figure out who could possibly live behind each one."
BONG-0190,Art & Creativity,Take one photo of an empty chair and give it ten different captions. See how many completely different stories the same chair can carry.
BONG-0191,Games & Play,"Games should save your funniest failure, not just your best score. I want the replay where I missed the entire ramp."
BONG-0192,Work & Meetings,Replace a team-building day with everyone showing one thing about their job nobody else seems to understand.
BONG-0193,Technology & Screens,What if software updates included a little diagram showing where they've moved the button you use every day? That is the change I need explained.
BONG-0194,DIY & Making,A photo frame with a second photo hidden behind it showing what was happening outside the first shot.
BONG-0195,Shops & Services,A container shop where you bring the awkward thing you need a container for. Stop asking me to remember how big it is.
BONG-0196,Sleep & Dreams,A hotel room you can rent for exactly one nap. Check-in shouldn't take longer than the nap.
BONG-0197,Space & Big Questions,"If your reflection could step out of the mirror for a day, would it finally want to see the back of the room?"
BONG-0198,Music & Sound,Write a theme tune for taking the bins out. Play it every time until the chore feels incomplete without it.
BONG-0199,Clothing & Personal Style,Clothing labels should tell you what happens after an hour of wearing it. 'Sleeves twist.' 'Waistband folds.' 'You'll keep pulling this bit down.'
BONG-0200,Small Experiments,Ask someone to describe an object while you build it from paper without seeing it. Don't correct the first version. Let them explain why it went wrong.
BONG-0201,Food & Cooking,Ice cream shops should let you taste two flavors together. I know I like each one. I need to know whether they get along.
BONG-0202,Home & Everyday Objects,A mirror that shows the outfit from ten minutes ago would finally let you settle whether changing was worth it.
BONG-0203,Friendship & Social Life,A birthday card should include one completely ordinary memory of the person. Not a tribute. 'Remember when we stood in the wrong queue for ages?'
BONG-0204,Time & Memory,A diary written entirely as questions would be fascinating to find later. You'd remember the period through the things you couldn't understand.
BONG-0205,Language & Communication,Recognizing someone by a cough from another room is a weirdly specific amount of knowing a person.
BONG-0206,Nature & Outdoors,Hiking signs should say how much of the climb you can actually see from here. I don't trust another hill hiding behind this one.
BONG-0207,Animals & Pets,"If a cat could pause us like a video, I think it would mostly use it just before we stood up."
BONG-0208,Travel & Transport,Write a travel guide to your own street for someone who has never been there. Find one thing worth mentioning that you normally walk straight past.
BONG-0209,Cities & Public Spaces,An empty shop window with a picture that gains one new detail every night. People who pass it daily would be following a very slow story.
BONG-0210,Art & Creativity,"Make a convincing poster for an impossible event. A cloud-folding class with dates, prices, and an extremely sensible cancellation policy."
BONG-0211,Games & Play,"A miniature golf course based on ordinary household annoyances: the cable tangle, the slightly open drawer, the sock that won't clear the chair."
BONG-0212,Work & Meetings,Every 'quick question' should come with a timer showing how long the background explanation has already taken.
BONG-0213,Technology & Screens,A keyboard should have a key for the word you can describe perfectly but cannot currently remember.
BONG-0214,DIY & Making,A coat rack with a tray beneath each hook for whatever falls out of the pockets. Find your change under the correct jacket for once.
BONG-0215,Shops & Services,What if every secondhand object got a short handover note? 'Excellent chair. Makes one sound at 3 a.m. Still investigating.'
BONG-0216,Sleep & Dreams,Write down the boring parts of a dream. Never mind the flying elephant. Why did I know which drawer the spoons were in?
BONG-0217,Space & Big Questions,What if your shadow was half a second ahead of you? Could you refuse to do what it just did?
BONG-0218,Music & Sound,Headphones that replay the last ten seconds of the room when you take them off. For the question someone started before checking if you could hear.
BONG-0219,Clothing & Personal Style,A suit you can change into shorts without removing the jacket or standing up. I want to leave the wedding photos without looking like I'm escaping them.
BONG-0220,Small Experiments,"Write instructions for something you do without thinking, then follow them literally. See how much you left out of 'just open it.'"
BONG-0221,Food & Cooking,A meal where each bite shares one ingredient with the last. How many bites would it take to get from breakfast to dessert?
BONG-0222,Home & Everyday Objects,A dustpan with a lip you can press completely flat against the floor. I refuse to accept that last line of dust as a permanent feature.
BONG-0223,Friendship & Social Life,Give your friends awards for ridiculously specific skills. 'Can carry three drinks and still unlock a door.'
BONG-0224,Time & Memory,What if a receipt told you the last day you'd ever use the thing you just bought?
BONG-0225,Language & Communication,An apology that includes a drawing of what you should have done instead. Some people would have to get very good at drawing themselves shutting up.
BONG-0226,Nature & Outdoors,Photograph the same patch of grass once a week for a year. Put the pictures together and see what happened while you weren't looking.
BONG-0227,Animals & Pets,"If a goldfish could choose one room to move its tank into, what would count as a good view?"
BONG-0228,Travel & Transport,Luggage with a separate pull-out drawer for the shoes. Why does getting to the dirtiest thing require opening everything else?
BONG-0229,Cities & Public Spaces,A public clock that also tells you how long it's been standing there. Your train is late; the clock has been waiting eighty years.
BONG-0230,Art & Creativity,"A museum of inventions that nearly existed. Show the plans, then the one problem nobody managed to solve."
BONG-0231,Games & Play,Build a board game where the board is an apartment floor plan and all the players are trying to find somewhere quiet for a phone call.
BONG-0232,Work & Meetings,"A conference should have a session devoted to things that almost worked, with no requirement to turn the failure into an inspirational ending."
BONG-0233,Technology & Screens,Notifications should eventually expire with 'this probably doesn't matter anymore.' Not everything needs to stay a little red problem forever.
BONG-0234,DIY & Making,A pegboard where you can stretch out tangled necklaces and move the knots around without holding everything at once.
BONG-0235,Shops & Services,A receipt that guesses what meal you're planning from what you bought. I'd like to know whether the supermarket has a better idea than I do.
BONG-0236,Sleep & Dreams,A duvet with a line down the middle that glows when someone pulls too much over. I'd like evidence in the morning.
BONG-0237,Space & Big Questions,An alien's dream holiday might be our least interesting quarry. We don't even know which parts of Earth are worth showing off.
BONG-0238,Music & Sound,A band where each person only knows one note. How many people before you can play a decent song?
BONG-0239,Clothing & Personal Style,A reversible jacket with a boring side and a ridiculous side. Decide which party it is after you get there.
BONG-0240,Small Experiments,Give tomorrow a chapter title tonight. See whether you start noticing things that fit it.
BONG-0241,Food & Cooking,Someone put an umbrella in a drink and everyone accepted it. Why did we stop there? Where's the cocktail with a little bus shelter?
BONG-0242,Home & Everyday Objects,A chair that looks comfortable from the front but has a shelf on the back for the stuff you clear off it when someone visits.
BONG-0243,Friendship & Social Life,A party where everyone explains their least impressive skill would be much easier to prepare for than a talent show.
BONG-0244,Time & Memory,"A day you can repeat, but only until you finally do the thing you've been avoiding. How long before you admit it's easier to make the phone call?"
BONG-0245,Language & Communication,The word 'fine' needs different spellings for the different ways people say it.
BONG-0246,Nature & Outdoors,What if flowers bloomed according to nearby conversation instead of season? Some gardens would thrive exclusively on gossip over the fence.
BONG-0247,Animals & Pets,Draw a family tree of your pet's nicknames. See how far you have to go back to find its actual name.
BONG-0248,Travel & Transport,A map of places locals like for reasons a tourist wouldn't understand. The good wall. The corner that used to smell like bread.
BONG-0249,Cities & Public Spaces,A comic painted one panel per paving slab. You'd have to walk down the street to find out what happens.
BONG-0250,Art & Creativity,Write a short story using only descriptions of what was left on a table. Let the reader assemble the guests.
BONG-0251,Games & Play,A trivia round about the people playing. Everyone submits a fact about themselves; the room has to guess who it belongs to.
BONG-0252,Work & Meetings,An office desk that folds shut at the end of the day with everything still on it. Open it tomorrow exactly where you gave up.
BONG-0253,Technology & Screens,A computer desktop with an actual drawer you can sweep everything into. The files stay where they are; I just don't want to look at them.
BONG-0254,DIY & Making,"Make a little flap for the gap under the washing machine. If a sock gets through, at least it'll have to open a door."
BONG-0255,Shops & Services,Hire three people to admire the shelf you finally put up. They don't need to be experts. I just want someone to notice it's level.
BONG-0256,Sleep & Dreams,A mattress you could rewind to how comfortable it felt five minutes before the alarm.
BONG-0257,Space & Big Questions,The first space station with a cafe would need someone to invent sitting by the window when there isn't really a 'by' or a 'down.'
BONG-0258,Music & Sound,Put a notebook beside a public piano where people can name the song they were trying to play. I like the idea of checking whether I guessed right.
BONG-0259,Clothing & Personal Style,A belt buckle with a little stand that holds your phone at table height while you sit. Extremely useful right up until you stand up too fast.
BONG-0260,Small Experiments,Take the brand names off five things you own and ask someone to guess which cost the most. See how much the logo was helping.
BONG-0261,Food & Cooking,A plate with a ramp for getting the last pea onto your fork. It doesn't need to get away every single time.
BONG-0262,Home & Everyday Objects,Make a rug that looks like a floor plan of the house. Then put a smaller rug on the rug where the rug actually goes.
BONG-0263,Friendship & Social Life,What if awkward silences came with elevator music only the two people could hear? Would that solve the problem or create a new shared one?
BONG-0264,Time & Memory,Walk the same route once a year and record only what's changed. Eventually you'll have a history of a street that nobody thought to write down.
BONG-0265,Language & Communication,"Describe a meal using only sounds, then ask someone to draw it. I want to know how recognizable toast is without saying 'toast.'"
BONG-0266,Nature & Outdoors,"A picnic blanket printed with the night sky, so you can point at the star you're trying to find without waving vaguely upward."
BONG-0267,Animals & Pets,"If birds had departure boards, would 'delayed' usually mean the bird got distracted by something edible?"
BONG-0268,Travel & Transport,A bus stop should have a small shelf of books so short you can finish one before deciding the bus isn't coming.
BONG-0269,Cities & Public Spaces,A city map showing which buildings share a wall. You could find out how far across town you could knock on doors without actually going outside.
BONG-0270,Art & Creativity,"Paint a mural that forms a picture when viewed from a nearby footbridge, but looks like unrelated marks from the street."
BONG-0271,Games & Play,What if every game had a 'confused but committed' achievement awarded for spending twenty minutes on something that wasn't an objective?
BONG-0272,Work & Meetings,Important files should show how many times they've been renamed 'final.' I want to know how many previous endings this document survived.
BONG-0273,Technology & Screens,Texts need a turn-taking mode. Let me finish answering the first question before three more arrive underneath it.
BONG-0274,DIY & Making,Use a ruined book's cover as the cover of a notebook about that book. You could end up writing something longer than what you were reviewing.
BONG-0275,Shops & Services,A florist with bouquets for very specific apologies. 'Gave you the wrong directions' should be cheaper than 'still haven't returned your car.'
BONG-0276,Sleep & Dreams,I'd like to hear the soundtrack from a dream without seeing any of it. Would it explain why I thought the staircase was dangerous?
BONG-0277,Space & Big Questions,"If aliens had no knees, how long would it take them to work out what a chair is for?"
BONG-0278,Music & Sound,A song with a few silent gaps for the room you're in to fill. The same track would come out differently on the bus and in the kitchen.
BONG-0279,Clothing & Personal Style,"Work gloves with a ruler down one finger. Finally, 'about this big' could mean the same thing twice."
BONG-0280,Small Experiments,Draw a tool for a problem nobody has. Then invent the situation where someone would be genuinely relieved to find it.
BONG-0281,Food & Cooking,A restaurant that offers your usual order with one agreed change each visit. How many visits before your 'usual' is something you used to hate?
BONG-0282,Home & Everyday Objects,An umbrella stand should contain a picture of you getting soaked the last time you decided the sky looked fine.
BONG-0283,Friendship & Social Life,Some friendships are mostly sending each other things neither person has any intention of doing. We are maintaining a shared imaginary lifestyle.
BONG-0284,Time & Memory,A photo album that records the bad takes too. I want to remember why it took twelve attempts to get four people looking in roughly the same direction.
BONG-0285,Language & Communication,The phrase 'put it somewhere safe' should automatically generate a map. Otherwise it's just a ceremonial goodbye to a small object.
BONG-0286,Nature & Outdoors,"Could a garden be designed entirely around how its shadows overlap? The actual plants would be the equipment, not the finished arrangement."
BONG-0287,Animals & Pets,A dog collar that keeps a list of all the other dogs it met on a walk. The dog's social life is getting harder to keep track of than mine.
BONG-0288,Travel & Transport,Take a holiday photo facing away from every famous view. Build an album of what the landmarks have been looking at.
BONG-0289,Cities & Public Spaces,A park table marked 'bad ideas welcome.' Somewhere to say the whole thing out loud before spending money on it.
BONG-0290,Art & Creativity,"Pottery class, but you make the shape first and decide what it's for afterward. The wonky bowl might be a very good something else."
BONG-0291,Games & Play,"Play a game of telephone using drawings instead of whispers, but everyone has to draw the imagined use of the previous person's object."
BONG-0292,Work & Meetings,Documents should remember the last thing you were doing when you closed them. 'You were trying to explain this number. You gave up.'
BONG-0293,Technology & Screens,A password manager that keeps a note explaining why past you created the account. I've got a secure login for somewhere I've apparently never heard of.
BONG-0294,DIY & Making,"A box labeled 'might belong to something.' Once a year, put the contents beside everything in the house and see if anyone finds their missing bit."
BONG-0295,Shops & Services,A shop where you describe a thing you vaguely remember owning and the staff try to find it. Half the job would be proving you didn't imagine it.
BONG-0296,Sleep & Dreams,The first ten minutes after waking up shouldn't count. I'm still checking which parts of the dream are actual obligations.
BONG-0297,Space & Big Questions,What if you could ask one object a single question about everything it had witnessed? Choosing the object would take longer than choosing the question.
BONG-0298,Music & Sound,"A wind chime with a quiet recording button, so you could keep the particular tune the wind accidentally played that afternoon."
BONG-0299,Clothing & Personal Style,Shoelaces that lie flat only when they're properly tied. I'd trust the laces more than my memory of doing the knot.
BONG-0300,Small Experiments,Photograph your home from knee height. See how different the room looks to someone who can't see over the table.
BONG-0301,Food & Cooking,We decided some food belongs to specific hours. An egg hasn't changed at 8 p.m. We're the ones making it weird.
BONG-0302,Home & Everyday Objects,Storage boxes should have a window so you can stop writing 'miscellaneous' like that answers the question.
BONG-0303,Friendship & Social Life,A picnic blanket with handles so everyone can move it into the shade without unpacking lunch for a second time.
BONG-0304,Time & Memory,"Would a day feel longer if every clock showed a different time, or would you just spend all day checking your phone?"
BONG-0305,Language & Communication,"If you could borrow someone's accent for one sentence, would they recognize themselves when you spoke?"
BONG-0306,Nature & Outdoors,Make a display of things people mistook for shells at the beach. Every object was briefly much more exciting than it turned out to be.
BONG-0307,Animals & Pets,"To the spider in my bathroom, cleaning day must look like a natural disaster with a schedule."
BONG-0308,Travel & Transport,A walking tour that starts with an object and follows its story back to where it was made.
BONG-0309,Cities & Public Spaces,A city tour where you follow the sound of the next stop instead of a map. It gets much harder near roadworks.
BONG-0310,Art & Creativity,A comic laid out like a house. You can follow the story from room to room instead of reading left to right.
BONG-0311,Games & Play,"A puzzle where each player can see only one part, and nobody can point at anything. Find out how useful 'that bit there' really is."
BONG-0312,Work & Meetings,End a meeting by having everyone write down what happens next. Compare the answers before anyone leaves.
BONG-0313,Technology & Screens,"A search engine for your own thoughts would be mostly you typing 'that thing, near the kitchen, not the other thing.'"
BONG-0314,DIY & Making,A hanging paper sculpture that makes a different picture from each side. Start with two shapes that shouldn't belong to the same object.
BONG-0315,Shops & Services,A shop display showing the five things most often returned together. I'd want to know what kind of weekend people keep reconsidering.
BONG-0316,Sleep & Dreams,A blanket with a stiff little corner you can use as a bookmark. You could fall asleep reading and the bed would keep your place.
BONG-0317,Space & Big Questions,A telescope showing a made-up sky with new things appearing every night. People could argue about discoveries without either person being wrong.
BONG-0318,Music & Sound,"A gig of unfinished songs. Every song stops exactly where the writer got stuck, even if it's halfway through a word."
BONG-0319,Clothing & Personal Style,Laundry labels need space for notes from the person who actually washed it. 'The label lies. This used to fit.'
BONG-0320,Small Experiments,Show people an unnamed color and ask them to name it. Don't pick a winner. Keep all the names next to the sample.
BONG-0321,Food & Cooking,"I want a spice rack arranged by what the meal is missing instead of alphabetical order. Less 'cumin,' more 'something is wrong but I can't explain it.'"
BONG-0322,Home & Everyday Objects,A mug with somewhere to put the wet spoon that isn't in the drink or directly on the table.
BONG-0323,Friendship & Social Life,Give every dinner guest one secret ordinary word to work naturally into conversation. The challenge is finding out whether 'grouting' can sound spontaneous.
BONG-0324,Time & Memory,"Save one boring sentence you say each day. In ten years, what would someone learn about you from all those requests for the charger?"
BONG-0325,Language & Communication,"A phrasebook for things you can only explain by making a noise and moving your hands. 'The cupboard does this, then the door goes like that.'"
BONG-0326,Nature & Outdoors,A map showing what the land would look like without any buildings. I'd like to see the hill underneath the high street.
BONG-0327,Animals & Pets,A tortoise delivering only messages you probably shouldn't send immediately.
BONG-0328,Travel & Transport,Maps need a 'fewer decisions' route. I will walk an extra ten minutes to avoid changing platforms three times.
BONG-0329,Cities & Public Spaces,"A town map built from residents drawing only their own street. Leave the disagreements in, especially where two people think the same corner is theirs."
BONG-0330,Art & Creativity,An exhibition of shadows where you can't see what's making them. Try to reconstruct the object before looking behind the curtain.
BONG-0331,Games & Play,Create a tabletop adventure about returning one borrowed casserole dish. Treat every social complication like a major geographical obstacle.
BONG-0332,Work & Meetings,A jobs website where people show you an average Tuesday instead of telling you their job title.
BONG-0333,Technology & Screens,A screen that gets larger only when you lean in to read small text. I want the computer to meet me halfway.
BONG-0334,DIY & Making,Build a machine with no electronics. The buttons just flip paper signs behind a window. Start with something a real machine makes unnecessarily complicated.
BONG-0335,Shops & Services,"A stationery shop where you have to write one page before buying the notebook. Make sure you like writing, not just the idea of owning it."
BONG-0336,Sleep & Dreams,"What if recurring dreams had optional side quests? Same impossible exam, but this time I'm finding out who maintains the underwater corridor."
BONG-0337,Space & Big Questions,"If you could turn gravity down in your own house, what would you break before remembering to put it back?"
BONG-0338,Music & Sound,Record yourself clapping in a room before and after moving the furniture. Can someone hear that the room changed without seeing it?
BONG-0339,Clothing & Personal Style,Make a pendant that fits a missing piece from something else you own. Jewelry you might one day have to use to fix the lamp.
BONG-0340,Small Experiments,Track every place you put your mug in a day. Then decide where the coasters should actually go.
BONG-0341,Food & Cooking,"A buffet rehearsal with little food models, so you can work out the plate before putting gravy somewhere you'll regret."
BONG-0342,Home & Everyday Objects,A light switch that shows what the room will look like before you turn it on. Some rooms look better as a possibility.
BONG-0343,Friendship & Social Life,What if you could invite the version of a friend you first met to hang out with the version you know now?
BONG-0344,Time & Memory,"What if you could spend ten minutes in your childhood home, but the year was chosen at random?"
BONG-0345,Language & Communication,"Quotation marks for 'I forgot the words, but this is roughly what they were getting at.'"
BONG-0346,Nature & Outdoors,"A garden where you plant a new section every birthday. By the time you're old, you could walk back through the different versions of your taste."
BONG-0347,Animals & Pets,"Before replacing your cat's favorite box, copy its exact dimensions. Maybe you've been buying the wrong size of empty space."
BONG-0348,Travel & Transport,A train carriage furnished like a living room. A delay would feel less annoying if I could put my feet up and finish a chapter.
BONG-0349,Cities & Public Spaces,"A waiting-room jigsaw nobody ever sees completed. You add six pieces, get called in, and leave a duck for someone else to discover."
BONG-0350,Art & Creativity,"Take a photograph, draw it from memory, then photograph the drawing in the original location. See which parts of reality survive the round trip."
BONG-0351,Games & Play,A game where you can pause the monsters to ask what they think the story is about might ruin several heroic assumptions.
BONG-0352,Work & Meetings,Job applications should let you show something you made unnecessarily well. A ridiculously good birdhouse might say more than 'attention to detail.'
BONG-0353,Technology & Screens,A phone case with a paper notebook on the back. The backup doesn't need charging or remembering another password.
BONG-0354,DIY & Making,A measuring tape marked with things you own. This gap is two mugs wide; now I know what will fit.
BONG-0355,Shops & Services,A shop selling pairs of objects for weirdly specific situations. You have to guess the situation before turning over the label.
BONG-0356,Sleep & Dreams,A clock that refuses to tell you the time between bedtime and your alarm. It only says whether you can still go back to sleep.
BONG-0357,Space & Big Questions,What if a parallel universe differed from ours only in where everyone agreed to keep the scissors? How long would it take to notice?
BONG-0358,Music & Sound,"A musical about assembling furniture. The instructions are the lyrics, and the missing screw gets an entrance."
BONG-0359,Clothing & Personal Style,A shirt where each repair adds to a pattern. It should look more finished the more times you've had to fix it.
BONG-0360,Small Experiments,Play someone a familiar sound and ask them to design a different object that could make it.
BONG-0361,Food & Cooking,"A birthday cake made in uneven sections so people can actually choose a small piece without someone saying 'oh, go on' and cutting half the cake."
BONG-0362,Home & Everyday Objects,A decorative bowl with 'please don't put keys in me' printed inside. See how long it remains decorative.
BONG-0363,Friendship & Social Life,There should be a reunion for people who briefly worked the same terrible shift and never learned each other's surnames.
BONG-0364,Time & Memory,"We label old photos with who and where, but 'why were we laughing?' is often the information I actually need."
BONG-0365,Language & Communication,What if you had to physically demonstrate a metaphor before using it? 'Think outside the box' would require bringing a box.
BONG-0366,Nature & Outdoors,Ask five people to describe the same weather. See if they could all be standing in the same place based on the answers.
BONG-0367,Animals & Pets,"If cats could write notes overnight, how much of the kitchen would be labeled 'mine' by morning?"
BONG-0368,Travel & Transport,Every town should adopt one completely ordinary object as a mascot. I'd visit somewhere famous for a particular traffic cone.
BONG-0369,Cities & Public Spaces,Lost-and-found photos taken exactly where each thing was found. 'Black glove' tells me less than 'black glove beside the sandwich I dropped.'
BONG-0370,Art & Creativity,Paintings should come with a recording of what the artist could hear while painting. That peaceful landscape might have involved an hour of leaf blowers.
BONG-0371,Games & Play,A treasure map that shows where you are but not where the treasure is. The landscape changes slightly as you get warmer.
BONG-0372,Work & Meetings,Name meeting rooms after how long people actually stay in them. Nobody gets to book 'Five Minutes' until they've earned it.
BONG-0373,Technology & Screens,Error messages should sometimes say 'we thought that would work too.'
BONG-0374,DIY & Making,Keep the broken part after a repair and mount it beside the replacement. People can see exactly what tiny thing stopped the whole machine.
BONG-0375,Shops & Services,A cafe where the menu gets shorter every time you say you can't decide.
BONG-0376,Sleep & Dreams,Map the places you keep visiting in dreams. See whether the impossible supermarket is always near the same beach.
BONG-0377,Space & Big Questions,A robot exploring an empty house might mistake the junk drawer for the control room. It's where we keep all the bits we can't explain.
BONG-0378,Music & Sound,Footstep music that changes depending on what you're carrying. Soup needs a much slower soundtrack than an empty bag.
BONG-0379,Clothing & Personal Style,Shoes should come with a picture of their tread. I want to settle who walked mud through the kitchen without lining everyone up.
BONG-0380,Small Experiments,Make the smallest model you can of a place you love. What detail do you refuse to leave out?
BONG-0381,Food & Cooking,"There should be a restaurant where the menu is just a list of textures. Tonight I want crunchy, soft, and one thing that puts up a fight."
BONG-0382,Home & Everyday Objects,"A fitted sheet with corners that attach separately, then zip to the middle. I'd rather do four easy things than wrestle one enormous elastic rectangle."
BONG-0383,Friendship & Social Life,Guest books should ask what nearly stopped you coming. You'd find out which whole evening almost didn't happen because someone couldn't find a sock.
BONG-0384,Time & Memory,Write a letter to the version of yourself who has just finished the thing you're avoiding. Ask whether it deserved all this buildup.
BONG-0385,Language & Communication,"If you gave your washing machine a name, would you be more likely to repair it or more annoyed when it broke?"
BONG-0386,Nature & Outdoors,"If every tree dropped its leaves at once, what would the first ten seconds of autumn sound like?"
BONG-0387,Animals & Pets,"If a butterfly had to rate every flower it visited, how often would the review just be 'empty'?"
BONG-0388,Travel & Transport,A bicycle bell with a gentle 'I'm behind you' sound and a completely separate 'please move' sound.
BONG-0389,Cities & Public Spaces,A pedestrian bridge with a viewing hole above each lane. You could stand safely over the road and watch one stripe of the city pass underneath.
BONG-0390,Art & Creativity,Design book covers from a friend's bad description of the plot. Then compare them with the actual covers.
BONG-0391,Games & Play,A cardboard bridge contest where the load is one single grape and the winner uses the least cardboard. No points for building a motorway.
BONG-0392,Work & Meetings,Every new work process should name the old process it's replacing. Otherwise we've just got one more thing to do.
BONG-0393,Technology & Screens,A folder that shows the combined weight of everything it would contain if you printed it. Maybe I'd tidy it before it reached a small wardrobe.
BONG-0394,DIY & Making,Sofa cushions with pockets exactly where things usually fall between them. The sofa can keep the coins if it agrees to make them reachable.
BONG-0395,Shops & Services,A supermarket shelf labeled 'you already have this at home.' Fill it with the things people keep buying because they can't remember checking.
BONG-0396,Sleep & Dreams,An alarm that sounds like someone making breakfast. Give me a reason to get up instead of just making staying in bed unpleasant.
BONG-0397,Space & Big Questions,Send aliens a jigsaw without the picture on the box. First contact could be us trying to explain why the lighthouse isn't an animal.
BONG-0398,Music & Sound,An instrument that only works while you're breathing out normally. Every song would have to leave room for you to breathe in.
BONG-0399,Clothing & Personal Style,Empty your bag and design a new bag around only those things. Don't add pockets for the imaginary organized person you keep shopping for.
BONG-0400,Small Experiments,"Keep a list of thoughts that start with 'someone should' for a week. At the end, circle one you could test with paper."
BONG-0401,Food & Cooking,A kitchen timer that asks whether you actually put the food in before starting the countdown.
BONG-0402,Home & Everyday Objects,A shelf that slides slowly downward the longer you leave something on it. Eventually the thing you've been meaning to put away reaches eye level.
BONG-0403,Friendship & Social Life,Have everyone bring a photo of something they couldn't identify. Spend the evening trying to work out what each thing is.
BONG-0404,Time & Memory,What if you could revisit a memory from the viewpoint of a different object in the room?
BONG-0405,Language & Communication,A compliments book for things nobody normally compliments. 'You always put the scissors back.' Specific enough that the person knows you actually noticed.
BONG-0406,Nature & Outdoors,What if every tree had a little viewing window showing the space its roots occupied? Pavements would feel like ceilings.
BONG-0407,Animals & Pets,What would a dog put in a time capsule? Would anyone still understand the contents after the smells faded?
BONG-0408,Travel & Transport,Keep the photos you take while waiting for a late friend. Give them the album when they finally arrive on time.
BONG-0409,Cities & Public Spaces,Put a big ruler beside a community sunflower patch. Let everyone predict which plant will reach the top first.
BONG-0410,Art & Creativity,Build a theater inside an empty matchbox. The viewer looks through one end while you move paper scenery through the other.
BONG-0411,Games & Play,"A scavenger hunt for things that look like they have a personality. Find a smug building, a tired lamp, and a bin that's had enough."
BONG-0412,Work & Meetings,Explain your job using toy blocks instead of words. Hand the model to a colleague and see whether they can find your bit.
BONG-0413,Technology & Screens,"Tutorials need a bookmark for the moment you stopped understanding, not just where you stopped the video."
BONG-0414,DIY & Making,"Make a project checklist from removable tiles. Take one out each time you finish a task, until there's nothing left covering the picture underneath."
BONG-0415,Shops & Services,Receipts should have a space for what you think of the purchase a month later. Keep that bit beside the price.
BONG-0416,Sleep & Dreams,Nightmares need a complaints desk. Staff it with the one dream character who seemed to know what was going on.
BONG-0417,Space & Big Questions,A door that opens into whichever room you last thought about. You'd have to stop thinking about the bathroom before inviting people in.
BONG-0418,Music & Sound,The silence after a good song should have its own track number. Sometimes that's still part of what I was listening to.
BONG-0419,Clothing & Personal Style,A raincoat with a patch that changes when it's properly dry. I keep hanging up something that merely feels less wet.
BONG-0420,Small Experiments,Describe a room without naming any furniture. See if someone who knows it can still work out which room you mean.
BONG-0421,Food & Cooking,A takeaway box that unfolds into a placemat with a spot for each container. Lunch anywhere starts looking a bit less like unpacking.
BONG-0422,Home & Everyday Objects,Print a tablecloth with outlines of where people actually leave things. See whether it helps you tidy up or just makes the mess look intentional.
BONG-0423,Friendship & Social Life,"Lend books with permission to stop after thirty pages. I want you to try my favorite book, not pretend you finished it because we're friends."
BONG-0424,Time & Memory,Which ordinary day would you choose to remember perfectly? You probably didn't know it was the one while it was happening.
BONG-0425,Language & Communication,Could a book tell the same story entirely through changes to a shopping list? Somewhere around 'two plates' the relationship becomes official.
BONG-0426,Nature & Outdoors,A nature walk where the aim is to notice the smallest thing. Everyone comes back with a photo of a different bit of ground.
BONG-0427,Animals & Pets,Would ducks think boats are ducks that forgot how to move their feet?
BONG-0428,Travel & Transport,"An airport baggage carousel that brings suitcases past you while you sit at a table, like sushi. Waiting would be much less competitive."
BONG-0429,Cities & Public Spaces,A building with a floor you can only reach when you're lost. Could you ever go back once you knew it was there?
BONG-0430,Art & Creativity,"An art show where visitors can turn every canvas around and see all the testing, notes, and old paintings on the back."
BONG-0431,Games & Play,Let the last-place player rename the town in a board game. Winning gets harder when you have to announce you're marching toward Big Steve's Hole.
BONG-0432,Work & Meetings,An award for fixing a problem early enough that nobody else ever found out it existed.
BONG-0433,Technology & Screens,A device with a physical flag that sticks up when it's muted. One setting I can check from across the room.
BONG-0434,DIY & Making,Make a sleeve for a plant pot that looks like a building. The plant becomes a wildly overgrown roof garden.
BONG-0435,Shops & Services,A parcel service that takes an empty box to your friend so they can finally send back the thing you lent them.
BONG-0436,Sleep & Dreams,A bedside phone stand with a little drawbridge. Raise it when you're going to sleep. Getting the phone back should feel like breaking your own rule.
BONG-0437,Space & Big Questions,A future museum displaying today's stuff with confidently wrong labels. A garlic press becomes something they think we wore for weddings.
BONG-0438,Music & Sound,"Make a sound map of your street using gates, drains, footsteps, and rattling windows. No conversations. See if a neighbor can follow it."
BONG-0439,Clothing & Personal Style,Everyone at a party wears one accessory belonging to someone else there. You have to work out which thing belongs to whom.
BONG-0440,Small Experiments,"Rename one drawer, then fill it to match. 'Stuff I need when something spills' might be more useful than 'third drawer.'"
BONG-0441,Food & Cooking,Biscuits with dunking-depth marks. I want to know exactly which line is the point of no return.
BONG-0442,Home & Everyday Objects,I've kept a box for so long because it's a good box that it now needs a place to live. The packaging has become the possession.
BONG-0443,Friendship & Social Life,Whoever says 'we should do this more often' gets handed the calendar.
BONG-0444,Time & Memory,A timer that counts only the parts of a film you enjoyed. Would a great ten minutes rescue an otherwise boring two hours?
BONG-0445,Language & Communication,There should be a farewell specifically for people you'll definitely see again in the same supermarket aisle thirty seconds from now.
BONG-0446,Nature & Outdoors,A cloud-shaped kite with no obvious string from a distance. One cloud refusing to go with the others.
BONG-0447,Animals & Pets,A pet camera with a button the animal can press to send a photo. I'd like to know what the dog considers worth interrupting my day for.
BONG-0448,Travel & Transport,A moving walkway with a side lane full of things to look at. You choose when to step off and how far you actually want to walk.
BONG-0449,Cities & Public Spaces,"A street with one lamp for each phase of the moon, lighting up to show tonight's shape. You could find out even when it's cloudy."
BONG-0450,Art & Creativity,Write a detective story where the mystery is why everyone has politely agreed not to mention a completely harmless object.
BONG-0451,Games & Play,"A game's difficulty setting changes how rude the enemies are, not how strong. Same fight, much more personal."
BONG-0452,Work & Meetings,An office whiteboard should keep the faint ghost of erased plans under a label called 'previous civilizations.'
BONG-0453,Technology & Screens,A website with no homepage. Every visitor enters through a random page and has to work out what the site is for.
BONG-0454,DIY & Making,Make a cardboard periscope for seeing the top of your bookshelf. Explore the part of your home reserved for tall people and dust.
BONG-0455,Shops & Services,"Furniture shops need a room the same awkward shape as yours. Show me the sofa blocking a door, not sitting alone in an aircraft hangar."
BONG-0456,Sleep & Dreams,Dreams should let you save right before waking up. I don't need the whole dream back. I need to know what was in the box.
BONG-0457,Space & Big Questions,"If you could see the route every object took to reach your room, would there be anywhere on the map where none of the lines crossed?"
BONG-0458,Music & Sound,A bird covers night where they try sounds from nearby houses. I'd like to hear the one attempting the blender.
BONG-0459,Clothing & Personal Style,Clothes with a pocket diagram visible on the hanger. Stop making me inspect a jacket like I'm looking for a secret room.
BONG-0460,Small Experiments,Pick the oldest thing you still use and work out what a modern replacement would do differently. Is any of it something you actually need?
BONG-0461,Food & Cooking,"A meal kit that includes one optional mystery ingredient. Cook half with it and half without, then decide whether the secret was worth keeping."
BONG-0462,Home & Everyday Objects,A waterproof notepad in the shower for the idea that won't survive getting dressed.
BONG-0463,Friendship & Social Life,A group chat where messages can only be sent while everyone else is offline. Would people think more before replying or just write longer nonsense?
BONG-0464,Time & Memory,"Make a scrapbook of plans that never happened. Tickets not bought, trips reconsidered, names for pets you never got. An album of alternate Tuesdays."
BONG-0465,Language & Communication,"Invent a word with a friend, then spend a week seeing whether reality provides enough opportunities to use it."
BONG-0466,Nature & Outdoors,Plant a garden to look best from a hammock. Everyone admiring it standing up is using it wrong.
BONG-0467,Animals & Pets,What does a dog make of two mirrors facing each other? An endless corridor full of the same dog.
BONG-0468,Travel & Transport,Suitcase handles that show the bag's weight when you lift them. I'd like to discover the problem before reaching the check-in desk.
BONG-0469,Cities & Public Spaces,City guides need a page for places that are much nicer than you'd expect. The good bit behind the car park counts.
BONG-0470,Art & Creativity,"Create a self-portrait using only the contents of your bag. Somewhere between the receipts and spare cable, a person should start appearing."
BONG-0471,Games & Play,Play charades with ordinary situations instead of films. Try acting out 'leaving a conversation while holding a hot plate.'
BONG-0472,Work & Meetings,A desk that tells you how many times you moved something without using it. I'd like a number for what happened to that envelope today.
BONG-0473,Technology & Screens,Reminders should ask which version of you to try next. 'After lunch' is not the same person as 'before coffee.'
BONG-0474,DIY & Making,Make a miniature of something out of the packaging it arrived in. See if the box contains enough shapes to build what it was protecting.
BONG-0475,Shops & Services,A shop selling the prototypes beside the finished products. I'd pay less for the version with the handle in a weird place.
BONG-0476,Sleep & Dreams,"If you dream about trying to sleep, does the dream version of you also want the real version to stop interrupting?"
BONG-0477,Space & Big Questions,A genie who won't grant a wish until you've made a cardboard prototype. I'd like to see someone mock up 'more wishes.'
BONG-0478,Music & Sound,A jukebox where people vote on the next song without seeing the current votes. Find out what the room likes when nobody can follow the first confident person.
BONG-0479,Clothing & Personal Style,Guest slippers with an outline of the foot size on the outside. Nobody has to try three pairs before admitting their feet don't fit.
BONG-0480,Small Experiments,Explain making tea to someone who understands tools but doesn't understand human habits. See which steps you can't justify.
BONG-0481,Food & Cooking,Take a photo of a plate before and after dinner. Judge the meal using only what people left behind.
BONG-0482,Home & Everyday Objects,A removable section of wall used only for moving furniture in and out. Most of my sofa's problems are actually door problems.
BONG-0483,Friendship & Social Life,A housewarming should include a tour of everything the hosts haven't figured out yet. 'This switch is either decorative or controls someone else's garage.'
BONG-0484,Time & Memory,The phrase 'a while ago' is doing an unreasonable amount of work in my personal filing system. It covers lunch and several entire versions of me.
BONG-0485,Language & Communication,What if nonsense words were words whose objects hadn't been invented yet? Somewhere a perfectly good 'flarn' is waiting for an engineer.
BONG-0486,Nature & Outdoors,"Keep a weather diary that only records what moved. Curtains, branches, washing, your plans. Could someone work out the month from it?"
BONG-0487,Animals & Pets,Build a cardboard room with everything at the scale of one toy you own. See which household objects already work as furniture without changing them.
BONG-0488,Travel & Transport,"Plan a day out looking for one kind of detail instead of one destination. Weird doorbells, wonky signs, houses with huge numbers."
BONG-0489,Cities & Public Spaces,A public noticeboard for small mysteries. Who keeps leaving a spoon here? Why does that house have two doorbells?
BONG-0490,Art & Creativity,A painting that shows the scene five minutes after a famous painting ends. Someone has to clear the table eventually.
BONG-0491,Games & Play,A jigsaw with no edge pieces. Where do you start when the picture won't tell you where it stops?
BONG-0492,Work & Meetings,A productivity tool that closes itself as soon as you start doing the task. Its main job is getting out of the way.
BONG-0493,Technology & Screens,A printer that asked 'do you really need the last almost-empty page?' would save me from repeatedly owning a single printed website footer.
BONG-0494,DIY & Making,Keep the things you used before buying the right tool. The coin that was a screwdriver deserves to be in the same drawer.
BONG-0495,Shops & Services,Restaurant bookings should ask what you're there for. A first date and an argument about the extension need different tables.
BONG-0496,Sleep & Dreams,"A dream journal with two columns: what happened, and what seemed completely normal at the time."
BONG-0497,Space & Big Questions,A spaceship designed by someone who only knows boats would probably have an anchor. What would they expect it to catch on?
BONG-0498,Music & Sound,Two songs with identical lyrics that tell opposite stories because of where the singer pauses.
BONG-0499,Clothing & Personal Style,Dress entirely in things you forgot you owned. See if past you had an outfit in mind or just kept buying unrelated trousers.
BONG-0500,Small Experiments,Draw what you think is inside a broken object before looking up a diagram. Your wrong version might be a different invention.
BONG-0501,Food & Cooking,"Dumplings with little handles made of dough. Dunk the whole dumpling without putting your fingers in the sauce, then eat the handle last."
BONG-0502,Home & Everyday Objects,A sink plug attached to the washing-up brush. You'd have to remember where you put one thing instead of two.
BONG-0503,Friendship & Social Life,"Everyone brings an ingredient to dinner, but nobody coordinates. You have to agree on a meal before finding out who brought three onions and nothing else."
BONG-0504,Time & Memory,What if you could fast-forward through a queue but still had to live the skipped minutes somewhere else that evening?
BONG-0505,Language & Communication,A conversation where you can only use words the other person has already said. The first person gets to decide how difficult the afternoon becomes.
BONG-0506,Nature & Outdoors,A garden path that takes you to the same spot by a different smell each season.
BONG-0507,Animals & Pets,Would a dog understand a portrait of itself better if the artist included its smell?
BONG-0508,Travel & Transport,A suitcase with its own flat packing mat that folds out on the bed. You'd know whether everything fits before starting the argument with the zip.
BONG-0509,Cities & Public Spaces,A public noticeboard showing things people can lend within one street. Half the drills in the neighborhood might finally meet the same shelf.
BONG-0510,Art & Creativity,Make a sculpture by building only the spaces between the parts of another sculpture. See if anyone can recognize what's missing.
BONG-0511,Games & Play,A board game where you spend your turn designing the obstacle the next player has to get past using whatever is already on the table.
BONG-0512,Learning & Skills,A class where the teacher shows the finished thing first and lets everyone invent a way to make it before explaining the usual method.
BONG-0513,Technology & Screens,A computer undo button that shows a short preview of what it's about to undo. I want to stop gambling with the last ten minutes.
BONG-0514,DIY & Making,Build paper dominoes that spell a sentence only after they fall over. Let someone knock the thought into place.
BONG-0515,Shops & Services,A cafe that lets you buy a seat by the hour and bring your own food. I'd like to know exactly what I'm paying to stay for.
BONG-0516,Sleep & Dreams,What if you could return to a dream only by remembering the route you took to get there?
BONG-0517,Space & Big Questions,"If teleporters became normal, would we still put doors on the front of houses or just choose a nice corner to appear in?"
BONG-0518,Music & Sound,A song where the chorus changes one word each time until the final chorus means the opposite of the first.
BONG-0519,Clothing & Personal Style,"Clothes that become less formal as you undo buttons, without becoming more naked. Business casual could be an actual setting."
BONG-0520,Perception & What-Ifs,"If every object doubled in size when you called it by the wrong name, how careful would people get with the word 'thing'?"
BONG-0521,Food & Cooking,A restaurant where the main course arrives under a lid and you have to identify it by smell before you look.
BONG-0522,Home & Everyday Objects,A mug that tilts slightly toward you as it empties. The last sip shouldn't require looking straight up at the ceiling.
BONG-0523,Friendship & Social Life,A party where your name tag is written by the person who knows you least. Interesting way to find out what your first impression actually was.
BONG-0524,Time & Memory,"A watch that tells you the time in the place you most recently miss. Not useful for appointments, but maybe that's not what you checked it for."
BONG-0525,Language & Communication,Why isn't there a word for understanding an explanation halfway through explaining why you don't understand it?
BONG-0526,Nature & Outdoors,What if tree rings were visible from the outside? You could watch a tree add another year without having to cut it open.
BONG-0527,Animals & Pets,An aquarium with a tunnel running around the room at shelf height. The fish could come and check what you're doing for once.
BONG-0528,Travel & Transport,A holiday where you revisit a place at the hour all your old photos were taken. Find out how much of the place was actually the light.
BONG-0529,Cities & Public Spaces,"A pedestrian crossing that plays the sound of the place you're walking toward. Birds for the park, waves for the beach, nothing dramatic for the dentist."
BONG-0530,Art & Creativity,"A film where the camera follows whichever character currently has the house keys, even if they're nowhere near the main plot."
BONG-0531,Games & Play,"A guessing game where everyone describes the same object except one person, who has to work out what they're all pretending not to name."
BONG-0532,Learning & Skills,"A history lesson built around what people thought would happen next, not just what we know happened afterward."
BONG-0533,Technology & Screens,A keyboard that grows a new key for a word every thousand times you use it. Mine would eventually spell 'sorry' without involving any other keys.
BONG-0534,DIY & Making,Make a shelf with a removable silhouette of each tool behind it. Empty spaces become much harder to pretend you haven't noticed.
BONG-0535,Shops & Services,A shop where the price drops each time you correctly explain what part of the item does. The discount rewards knowing what you're buying.
BONG-0536,Sleep & Dreams,"A dream where everyone recognizes you, but they're all slightly wrong about who you are. How long before you start going along with it?"
BONG-0537,Space & Big Questions,An alien visitor who learns everything from instruction manuals might think humans spend most of their lives assembling shelves and occasionally becoming very hot.
BONG-0538,Music & Sound,A concert where the audience hears the soundcheck as the opening song. The tune grows out of everyone deciding whether the equipment works.
BONG-0539,Clothing & Personal Style,A tie with a design that forms a picture only when the knot is right. Finally a reason to check besides being told it looks wrong.
BONG-0540,Perception & What-Ifs,What if you could hear how certain someone was separately from how confident they sounded? Arguments would get much shorter or much louder.
BONG-0541,Food & Cooking,I'd buy a bag of popcorn that started salty at the top and gradually became sweet. The movie snack could have its own ending.
BONG-0542,Home & Everyday Objects,"A cupboard where the shelves come toward you one at a time, like a little stage. I want to stop kneeling to meet the saucepan at the back."
BONG-0543,Friendship & Social Life,"Ask a friend to plan your perfect day, then plan theirs. Trade the plans and see whether either of you should be allowed to make reservations."
BONG-0544,Time & Memory,"If you met yourself from last week, how much would you genuinely have to tell them?"
BONG-0545,Language & Communication,A book where every crossed-out sentence stays readable. You'd get the story and all the ways the writer nearly made it worse.
BONG-0546,Nature & Outdoors,"A rain gauge shaped like the local pond. When it rains, you get a miniature version of what happened down the road."
BONG-0547,Animals & Pets,"If a cat could open exactly one human-sized door itself, would it choose the front door or the cupboard where we hide the hoover?"
BONG-0548,Travel & Transport,Train tickets with a blank postcard on the back. Write something before arriving so the journey gets to be part of the trip.
BONG-0549,Cities & Public Spaces,A town clock with a second face visible only from one very specific window. Someone gets a private clock without owning it.
BONG-0550,Art & Creativity,"Draw a familiar object from touch alone, with your eyes closed. Then put the drawing beside the object like it's an honest portrait."
BONG-0551,Games & Play,"Mini golf where players can move one obstacle after each shot, including when it helps somebody else more than themselves."
BONG-0552,Learning & Skills,"A museum of inventions arranged by the size of the problem, not the machine. Some enormous machines would get an embarrassing label."
BONG-0553,Technology & Screens,A camera that takes one photo before you press the shutter. I'd finally have the expression that made me reach for the camera.
BONG-0554,DIY & Making,A plant-pot stand on a lazy Susan so the plants can take turns getting the good bit of window.
BONG-0555,Shops & Services,A service that helps you finish the last ten percent of a project without trying to turn it into a better project.
BONG-0556,Sleep & Dreams,"If two dream characters told you different versions of an event, which one would your brain consider the official memory?"
BONG-0557,Space & Big Questions,"If we get hotels on the moon, will Earth-facing rooms cost more, or will everyone be sick of looking at home?"
BONG-0558,Music & Sound,"A radio that plays the same minute from different stations around the world, one after another. One moment, dozens of completely different afternoons."
BONG-0559,Clothing & Personal Style,Shoes with removable insoles that turn into slippers. I'd like the comfortable bit to come inside without bringing the pavement.
BONG-0560,Perception & What-Ifs,"If a mirror showed the face you expected rather than the one you had, when would you first realize it was lying?"
BONG-0561,Food & Cooking,"A grinder for chocolate, kept beside the salt and pepper. Some meals would go very wrong before I accepted it wasn't for everything."
BONG-0562,Home & Everyday Objects,A bath towel with a completely different texture at each end. No more standing there trying to remember which bit did what.
BONG-0563,Friendship & Social Life,A group photo taken from the spot where each person was standing. The album would have everyone else's view except your own.
BONG-0564,Time & Memory,"A calendar that slowly fills in with what actually happened instead of what you planned. By December, it would belong to a different person."
BONG-0565,Language & Communication,What if proper names had to describe something the person actually did that week? Meeting introductions would need constant updating.
BONG-0566,Nature & Outdoors,Put a mirror on the ground under a tree and photograph the canopy. It could look like a hole all the way through the planet.
BONG-0567,Animals & Pets,A pet bed made in the exact shape your dog leaves on the sofa when it stands up.
BONG-0568,Travel & Transport,A hotel where your room number tells you how many steps it is from reception. You'd understand the booking much earlier.
BONG-0569,Cities & Public Spaces,"A park designed so the walk home is always slightly different from the walk in, even if you turn around at the same place."
BONG-0570,Art & Creativity,"A comic where every speech bubble is slightly too small, forcing the characters to keep interrupting themselves."
BONG-0571,Games & Play,A game of tag where the person who's 'it' doesn't know yet. Everyone else has to act normal until they work it out.
BONG-0572,Learning & Skills,A cooking class where everyone gets the same ingredients but a different amount of equipment. Find out what the fancy pan was actually doing.
BONG-0573,Technology & Screens,A phone charger that shows which end is failing. I don't want to conduct another three-cable investigation beside the bed.
BONG-0574,DIY & Making,Turn an old picture frame into a weaving loom and make something from strips of worn-out clothes. The frame is already ready to hang the result.
BONG-0575,Shops & Services,A restaurant that serves the side dish first and lets you choose a main to go with it. The chips finally get to make the decision.
BONG-0576,Sleep & Dreams,A pillow that plays back only the last ordinary sentence you heard before sleeping. See what your dream decides to do with 'put that in the fridge.'
BONG-0577,Space & Big Questions,What if the universe came with a scale bar that changed whenever you zoomed out? At what point would familiar distances stop being useful?
BONG-0578,Music & Sound,A door knocker with a rhythm you can rearrange using little wooden blocks. Visitors have to learn your house's beat.
BONG-0579,Clothing & Personal Style,A T-shirt whose design continues onto the inside. Turning it inside out shouldn't look like the artist forgot to finish.
BONG-0580,Perception & What-Ifs,Imagine a room where every object is the correct size except one. How small could the mistake be before you stopped noticing it?
BONG-0581,Food & Cooking,What if the inside of a food tasted like the outside looked? A pineapple would be a very different commitment.
BONG-0582,Home & Everyday Objects,A carpet pattern that includes one unfinished line. Leave a matching piece of yarn nearby and see how many guests try to fix it.
BONG-0583,Friendship & Social Life,Friends should teach each other one thing they're weirdly good at. I'd trade folding fitted sheets for knowing when an avocado is lying.
BONG-0584,Time & Memory,A calendar where days you remember vividly take up more space. An entire school summer might end up smaller than one awkward lunch.
BONG-0585,Language & Communication,A translation game where you explain a familiar saying literally and everyone guesses the saying. 'This container of worms should have remained closed.'
BONG-0586,Nature & Outdoors,I want a map showing where the rain that lands on my roof eventually ends up. At what point does it stop being my weather?
BONG-0587,Animals & Pets,"What does a bird think a closed window is? The view is right there, but the air has suddenly become solid."
BONG-0588,Travel & Transport,"I'd take a mystery day trip where I knew the weather and walking distance, but not the destination until I got there."
BONG-0589,Cities & Public Spaces,Empty parking spaces could have a different drawing underneath each car. The picture changes every time somebody leaves.
BONG-0590,Art & Creativity,"Paint a still life, move one object, and paint it again. Repeat until the last painting has nothing in common with the first except the table."
BONG-0591,Games & Play,A card game where you score for predicting who wins the next round rather than winning it yourself. Watch how quickly people become supportive.
BONG-0592,Learning & Skills,A lesson where you can ask only 'why that part?' until the teacher runs out of things they normally take for granted.
BONG-0593,Technology & Screens,A website that can be explored entirely by zooming in. The menu is somewhere inside the picture you're already looking at.
BONG-0594,DIY & Making,A pencil case that unfolds into a little desk mat with places for every pen. Packing away becomes folding the mess into a smaller mess.
BONG-0595,Shops & Services,A shop that lends you the ugly version of an expensive thing for a week. Find out whether you want the function or just the nice-looking object.
BONG-0596,Sleep & Dreams,What if the person chasing you in a dream was just trying to return something you dropped three dreams ago?
BONG-0597,Space & Big Questions,A planet with a day shorter than dinner would need different rules about what counts as staying up late.
BONG-0598,Music & Sound,A playlist of people humming the wrong song very confidently. Play the humming before revealing the title so everybody can make the same mistake.
BONG-0599,Clothing & Personal Style,"A backpack that opens flat like a cupboard door, so you can see everything without unloading it onto the floor."
BONG-0600,Perception & What-Ifs,"If you could see every place your hand had touched in a day, which part of the map would surprise you most?"
BONG-0601,Food & Cooking,A dinner where every dish is a different person's idea of what you eat when nobody's watching.
BONG-0602,Home & Everyday Objects,A shower with a foot-operated pause button. I don't want to rebuild the perfect temperature every time I stop to use the soap.
BONG-0603,Friendship & Social Life,A dinner where you can only tell stories you haven't told anyone at the table before. Some friendships would have a very quiet first course.
BONG-0604,Time & Memory,"A time machine that can only move things, not people. Your first problem is deciding what to send yourself before the machine existed."
BONG-0605,Language & Communication,A greeting card with a blank space for the thing you both know but aren't writing down. That bit might mean more than the message.
BONG-0606,Nature & Outdoors,"A garden with no straight edges, including the gate. Make the boundary look like the plants were consulted."
BONG-0607,Animals & Pets,A doorbell at dog height that only rings inside the house. The dog can announce that the garden has become boring.
BONG-0608,Travel & Transport,A bus seat that briefly lights up when its occupant presses the stop button. People standing would know which end to shuffle toward.
BONG-0609,Cities & Public Spaces,An indoor public square for days when outside is technically available but nobody wants it.
BONG-0610,Art & Creativity,A film with all the dramatic music removed from the big scenes and added to the boring ones. The trip to buy milk becomes suspiciously tense.
BONG-0611,Games & Play,An escape room where the door is unlocked from the start. The puzzle is deciding what would make you willing to leave.
BONG-0612,Learning & Skills,A lesson where the expert can only tell you which parts don't matter. Find out how much effort you've been spending on the decorative bits.
BONG-0613,Technology & Screens,A screen saver showing the actual room from five minutes ago. You could catch the moment you put down the thing you're now looking for.
BONG-0614,DIY & Making,Build a cardboard lift for the object you're always carrying between two shelves. It can be entirely unnecessary and still make you happy to use it.
BONG-0615,Shops & Services,"A cafe with a table you can reserve for drawing, where the staff know not to clear the weird arrangement of cups you're sketching."
BONG-0616,Sleep & Dreams,"A hotel for dreams where you choose one detail, not the whole dream. Same room as last time, but please let the door open normally."
BONG-0617,Space & Big Questions,"If aliens asked us to prove we were intelligent without using anything we'd built, what would we actually do in the room?"
BONG-0618,Music & Sound,"If you could hear the tune stuck in everybody's head on a train, would any two people accidentally be in time?"
BONG-0619,Clothing & Personal Style,A coat made from patches contributed by the places you've lived. You'd be wearing a map nobody else could read without asking.
BONG-0620,Perception & What-Ifs,What if a door opened only after you explained why you wanted to go through it? Half my trips to the kitchen would end in the hallway.
BONG-0621,Food & Cooking,Pancakes with a spiral groove instead of a flat surface. I want the syrup to reach the middle without needing a flood.
BONG-0622,Home & Everyday Objects,"Curtains with pockets for the ties, because the thing that holds them back shouldn't become a separate household mystery."
BONG-0623,Friendship & Social Life,Let the quietest person choose the next topic without having to lead the conversation about it.
BONG-0624,Time & Memory,Could you describe the current year without mentioning any technology? Which parts would still give it away?
BONG-0625,Language & Communication,"If thoughts appeared as subtitles above your head, would you learn to think in tiny writing?"
BONG-0626,Nature & Outdoors,"If a forest could choose where the footpaths went, would it make the shortest route or send us around the bits it wanted left alone?"
BONG-0627,Animals & Pets,"If a snail could choose a new shell pattern every day, would it coordinate with where it planned to go?"
BONG-0628,Travel & Transport,What if you could visit a city only by following directions written by someone who moved away twenty years ago?
BONG-0629,Cities & Public Spaces,Street corners with a little inset showing what stood there before the current building. Not a whole plaque; just enough to make you look twice.
BONG-0630,Art & Creativity,A sculpture that arrives as packing material for a much smaller object. You have to decide which part of the delivery is the artwork.
BONG-0631,Games & Play,A game where the dice determine how many words you can use to explain your next move. Six feels generous until you need to apologize.
BONG-0632,Learning & Skills,An instruction book organized by the mistake you're looking at instead of the step you were supposed to finish.
BONG-0633,Technology & Screens,A computer game that uses the scratches on your screen as part of the map. Your oldest device gets the most interesting terrain.
BONG-0634,DIY & Making,"Make a lamp using a cool LED behind layers of torn paper, so switching it on reveals a landscape you couldn't see while it was off."
BONG-0635,Shops & Services,"A repair counter where you can watch the whole fix on a screen, including the bit where the expert has to look something up."
BONG-0636,Sleep & Dreams,"When you dream up a person, does your brain invent a childhood for them, or just the feeling that they have one?"
BONG-0637,Space & Big Questions,A spaceship with a garden arranged to look like a whole continent from above. You could water the part of home you're missing.
BONG-0638,Music & Sound,A musical instrument that looks unfinished until you find the ordinary object it was designed to borrow as its final part.
BONG-0639,Clothing & Personal Style,"A scarf with a warm section and a thin section, so you can move the weather protection without changing the whole scarf."
BONG-0640,Perception & What-Ifs,"If you could temporarily remove the name from a familiar object, would it still look obvious what it was for?"
BONG-0641,Food & Cooking,Could you make one long noodle with a different sauce every ten centimeters? You'd have to eat through dinner to reach the part you like most.
BONG-0642,Home & Everyday Objects,A key shaped like the room it opens. You'd know which door it belongs to by the floor plan in your hand.
BONG-0643,Friendship & Social Life,A birthday party for the day two friends nearly met but didn't. You might discover your friendship was available years earlier.
BONG-0644,Time & Memory,A clock with no numbers that just shows a picture of what you said you'd be doing now.
BONG-0645,Language & Communication,A dictionary of gestures drawn by someone watching through a window. I want to see how many meanings they assign to pointing at a chair.
BONG-0646,Nature & Outdoors,A trail marked by plants instead of painted arrows. You'd have to learn what one leaf looks like to find your way.
BONG-0647,Animals & Pets,A bird feeder with a background you can change to match a tiny film set. Only the feeder is real; the birds keep improvising the plot.
BONG-0648,Travel & Transport,A train carriage with windows in the roof for the boring stretches between good views.
BONG-0649,Cities & Public Spaces,A library window displaying the last sentence of a book without telling you which book. Change it every day and let people try to find the beginning.
BONG-0650,Art & Creativity,"A portrait made from all the places someone's hands have worn smooth: a tool handle, a chair arm, the edge of a favorite book."
BONG-0651,Games & Play,"A racing game where you win by arriving exactly on time, not first. Going too fast is as bad as getting stuck."
BONG-0652,Learning & Skills,A school project where you improve one thing that annoys the caretaker. At least somebody gets to use the result.
BONG-0653,Technology & Screens,A music player with a physical marble that rolls to the end of the song. Shuffle sends it down a different track.
BONG-0654,DIY & Making,"A shoe rack made of removable trays, one per pair. Move the muddy shoes without moving the mud onto another bit of floor."
BONG-0655,Shops & Services,A shop selling shelves built around the exact collection you bring in. The odd teapot shouldn't have to ruin the spacing of everything else.
BONG-0656,Sleep & Dreams,A dream journal that asks who you trusted for absolutely no reason. Apparently my brain thinks a talking cupboard has useful advice.
BONG-0657,Space & Big Questions,"What if the stars were visible during the day, but only in reflections? Puddles would get much more attention than the sky."
BONG-0658,Music & Sound,A song composed for a room with a very long echo. The room has to finish each line before the singer can start the next one.
BONG-0659,Clothing & Personal Style,A coat with sleeves that roll inward instead of outward. Shortening them shouldn't leave two thick ropes around your wrists.
BONG-0660,Perception & What-Ifs,"If familiar objects cast the wrong shadows, would you trust what you could touch or what the floor was showing you?"
BONG-0661,Food & Cooking,A freezer drawer labeled 'next week me.' Everything in it comes with a note from the person who bothered cooking extra.
BONG-0662,Home & Everyday Objects,A bin lid that becomes a temporary shelf when open. Somewhere for the thing I'm holding while trying to peel the packaging off it.
BONG-0663,Friendship & Social Life,Have everyone bring their leftover container before dinner starts. That's the actual guest list for tomorrow's lunch.
BONG-0664,Time & Memory,What if every lie you told about being 'five minutes away' added five minutes to your next journey?
BONG-0665,Language & Communication,What if questions stayed visibly open in the air until someone answered them? Some kitchens would be impossible to walk through.
BONG-0666,Nature & Outdoors,What if fog kept the shape of everything that walked through it for a minute? Early-morning parks would be full of temporary tunnels.
BONG-0667,Animals & Pets,"An ant-sized model town beside a real path, behind clear walls. Watch which parts of our layout make no sense to an ant."
BONG-0668,Travel & Transport,Luggage that separates into smaller bags when you reach your destination. Stop carrying the whole holiday to the beach.
BONG-0669,Cities & Public Spaces,A public table with a hole for every common reusable cup size. Finally somewhere windy where lunch isn't a balancing exercise.
BONG-0670,Art & Creativity,A play where the audience sees the room next door to the one where the actual story happens.
BONG-0671,Games & Play,"A game where you build a creature from random household objects, then invent a habitat it would survive in."
BONG-0672,Learning & Skills,"A class where each person teaches one skill in the worst possible way, then the group writes a better explanation together."
BONG-0673,Technology & Screens,A photo app that shows the gap between two pictures as blank space. You'd notice the months you lived through without remembering to document them.
BONG-0674,DIY & Making,Build a model of a room from its reflections in old photos. See how much space you can reconstruct from the mirrors people weren't photographing.
BONG-0675,Shops & Services,A local courier for awkward things that don't need a box. I want to send a lampshade across town without becoming a packaging engineer.
BONG-0676,Sleep & Dreams,A pillowcase printed with a phone screen. See whether half-asleep you tries checking the fabric before remembering where the real phone is.
BONG-0677,Space & Big Questions,"If two planets independently invented the same game, would that be more surprising than finding out they invented different versions of the same spoon?"
BONG-0678,Music & Sound,A listening party where everyone brings the first song they learned the wrong words to. Wrong lyrics are compulsory for the first play.
BONG-0679,Clothing & Personal Style,A wedding outfit designed to become an ordinary outfit afterward without needing a completely different body or lifestyle.
BONG-0680,Perception & What-Ifs,What if you could lend someone your sense of direction but had to go without it until they returned?
BONG-0681,Food & Cooking,I'd like to order the food from the next table based only on how happy they look eating it. No pointing at the menu first.
BONG-0682,Home & Everyday Objects,Imagine all your furniture becoming transparent once a year. Would the room feel bigger or just much harder to walk through?
BONG-0683,Friendship & Social Life,Two people describe the same disagreement without saying which side they were on. Let everyone guess before discussing who was right.
BONG-0684,Time & Memory,"Your future self gets to leave you one note, but it has to fit on the back of a receipt. How much of the space goes on proving it's really you?"
BONG-0685,Language & Communication,A word that means 'I agree with the conclusion but not the strange route you took to get there.' I need that one quite often.
BONG-0686,Nature & Outdoors,A bench-sized patch of shade you could carry on a folding frame. Sit where you like instead of where the nearest tree allows.
BONG-0687,Animals & Pets,A dog toy with compartments that open in different orders. The toy should get interesting again without needing to become a different toy.
BONG-0688,Travel & Transport,"A travel guide to the first hour in a place. Where to get water, sit down, and work out which way the pavement is going."
BONG-0689,Cities & Public Spaces,What if buildings could turn slightly to share the sun? We'd have to invent arguments about where the front door used to be.
BONG-0690,Art & Creativity,"Print a photograph on transparent sheets, one layer per distance. Pull the sheets apart and the flat picture becomes a place you can look into."
BONG-0691,Games & Play,A quiz where the question is easy but you have to answer as someone who has never seen the object being discussed.
BONG-0692,Learning & Skills,A science display that starts with a convincing wrong guess. You do the experiment to find the exact point where the guess stops working.
BONG-0693,Technology & Screens,A charging cable with a section that stays in the exact shape you bent it. Stop dragging the whole wire off the desk to reach the end.
BONG-0694,DIY & Making,A drawer full of cardboard shapes that fit together into different desk organizers. Rearrange the compartments when your hobby changes again.
BONG-0695,Shops & Services,A restaurant that gives you a small taste of the meal before you choose the size. My eyes shouldn't be ordering for my stomach.
BONG-0696,Sleep & Dreams,"What if dream money stayed in your pocket when you woke up, but it was only accepted in other people's dreams?"
BONG-0697,Space & Big Questions,"Would aliens recognize cooking, or think we're taking broken plants apart and trying to assemble a better plant?"
BONG-0698,Music & Sound,A music box with a melody made from the bumps along an ordinary key. Every house would have a slightly different tune.
BONG-0699,Clothing & Personal Style,Trousers with a pattern that appears only when you bend your knees. Sitting down becomes the loud part of the outfit.
BONG-0700,Perception & What-Ifs,"If your house became ten percent larger overnight without adding any rooms, which thing would you notice first?"
BONG-0701,Food & Cooking,A box of chocolates where you write your own guesses on the lid before checking the answers underneath.
BONG-0702,Home & Everyday Objects,An ice tray that releases one cube without threatening the other eleven.
BONG-0703,Friendship & Social Life,"A guest room with a map drawn by the last guest showing where they found the towels, spare charger, and thing nobody explained."
BONG-0704,Time & Memory,A film made from one second of every meal you share with the same person. You'd watch the plates change before noticing you both did.
BONG-0705,Language & Communication,An audiobook where someone else reads the footnotes and keeps interrupting the narrator. Let the footnotes behave the way they look on the page.
BONG-0706,Nature & Outdoors,A garden where the plants are grouped by who gave them to you. Rearranging it would feel like doing the seating plan for a family meal.
BONG-0707,Animals & Pets,Do pets have a favorite version of us? My dog might be most attached to the person I am while holding a chopping board.
BONG-0708,Travel & Transport,A car parked in a showroom with a fake rainstorm outside the windows. Let me discover the annoying wiper speed before buying it.
BONG-0709,Cities & Public Spaces,A playground with a miniature version beside it so kids can show someone the route they just invented.
BONG-0710,Art & Creativity,A film trailer for something that never gets made. Make the audience argue about what they think the missing story was.
BONG-0711,Games & Play,"A game where everyone draws a machine part, then the group has to assemble the drawings into something with one believable purpose."
BONG-0712,Learning & Skills,Learn a song starting with the last bar and work backward. Every new bit leads into the part you already know.
BONG-0713,Technology & Screens,A webpage whose links are visible only in its reflection in a virtual mirror. Browsing it would feel like learning to use a different hand.
BONG-0714,DIY & Making,"Make a cardboard tool belt for the remote, snack, and book you keep transporting from chair to chair."
BONG-0715,Shops & Services,"A secondhand shop arranged by the problem the item solves, not by what kind of item it is. Lamps and ladders might become neighbors."
BONG-0716,Sleep & Dreams,A dream where the emergency is that nobody remembers what a spoon is called. Everything else in the world works perfectly normally.
BONG-0717,Space & Big Questions,"What if space had a 'you are here' sign, but it was so large we kept mistaking the letters for galaxies?"
BONG-0718,Music & Sound,"A film score written before the film, then directors each make a scene that could explain the music."
BONG-0719,Clothing & Personal Style,A bag with a removable bottom you can shake the crumbs out of without emptying every pocket.
BONG-0720,Perception & What-Ifs,"A mirror showing you from the height you were at six years old. The same face, viewed from a part of the world you stopped using."
BONG-0721,Food & Cooking,An edible menu where each dish's name tastes faintly of the dish. You could decide what to order without asking for twelve samples.
BONG-0722,Home & Everyday Objects,A staircase drawer that slides out sideways instead of being hidden under the stairs. Each step gets its own storage space.
BONG-0723,Friendship & Social Life,Group plans should include one person whose job is to say what we are definitely not doing. Sometimes that would settle the whole evening.
BONG-0724,Time & Memory,"If you could replay one conversation perfectly, would you pick an important one or one you never managed to hear properly?"
BONG-0725,Language & Communication,Try explaining a joke without naming the funny part. Find out exactly where the listener stops knowing why you're smiling.
BONG-0726,Nature & Outdoors,Collect drawings of the same hill from both sides. Does anyone agree on what shape the hill actually is?
BONG-0727,Animals & Pets,"If octopuses invented gloves, would they sell them in sets or make one enormous thing you climb into?"
BONG-0728,Travel & Transport,A walking holiday where the only rule is that you can't cross your own route. Coming home would become the real puzzle.
BONG-0729,Cities & Public Spaces,"Bus shelters with two roofs: one to keep you dry, another shaped to make the rain sound like something worth listening to."
BONG-0730,Art & Creativity,A painting designed to look correct in its reflection but wrong when you look at it directly.
BONG-0731,Games & Play,Hide-and-seek with a bright object in plain sight. It has to be visible from the doorway; you're only allowed to make the room more distracting.
BONG-0732,Learning & Skills,A textbook with blank pages for questions the book made you ask but didn't answer.
BONG-0733,Technology & Screens,"A notification sound that tells you how far away the sender is, without showing their location. Your kitchen sounds different from another continent."
BONG-0734,DIY & Making,"Make a desk toy that catches pencil shavings in a spiral. The more you work on something else, the more finished the toy becomes."
BONG-0735,Shops & Services,A tiny cinema showing films shorter than the time you have until your next appointment.
BONG-0736,Sleep & Dreams,I'd like to meet the person my brain invents to play 'someone I've known forever' in a dream. What exactly do we have in common?
BONG-0737,Space & Big Questions,"If you could put one window anywhere in the universe and look through it from home, how long would you spend deciding where it goes?"
BONG-0738,Music & Sound,A volume knob with a mark for 'can still hear the kettle.' Not every useful setting needs a number.
BONG-0739,Clothing & Personal Style,A button collection sewn onto one jacket in the order you found them. Eventually the jacket becomes impossible to replace but very easy to repair.
BONG-0740,Perception & What-Ifs,What if you could see the exact moment a stranger stopped being a stranger to you? Would it happen during an introduction or much later?
BONG-0741,Food & Cooking,A burger assembled sideways so every bite gets the same layers without needing your mouth to open like a suitcase.
BONG-0742,Home & Everyday Objects,The spare room should occasionally get to be the main room. Move dinner in there and see if it feels like visiting someone else.
BONG-0743,Friendship & Social Life,A party where nobody explains how they know the host until the end. Spend the evening trying to connect the people yourself.
BONG-0744,Time & Memory,A photo frame that hides the picture until the date it was taken comes around each year. Some memories would get their own brief season.
BONG-0745,Language & Communication,A sentence written in a circle with no marked starting point. How many different things could it mean depending on where you begin?
BONG-0746,Nature & Outdoors,A map showing where the stone in your town's buildings was dug up. How much of this place is actually pieces of somewhere else?
BONG-0747,Animals & Pets,"A window seat shared by you and the cat, with a clearly marked section neither of you is going to respect."
BONG-0748,Travel & Transport,"A bus that returns everything left on it to a little display at the stop where the owner probably got off. With photos, not unattended valuables."
BONG-0749,Cities & Public Spaces,"A public wall where anyone can measure their height, then come back years later to find the mark. The town would keep part of your childhood."
BONG-0750,Art & Creativity,"Make a stop-motion film of your desk getting messier over a week, then play it backward as an extremely convincing cleaning advert."
BONG-0751,Games & Play,"A board game whose box becomes the final level. You thought you were packing away, but that's where the last puzzle was."
BONG-0752,Learning & Skills,"A classroom with big buttons for 'slower,' 'example,' and 'wait, what?' Change the lesson's speed without having to interrupt with a speech."
BONG-0753,Technology & Screens,"A computer that gives you one physical token for each open program. By lunchtime, you'd understand why the desk and the machine are both overwhelmed."
BONG-0754,DIY & Making,A kitchen roll holder that also stores the cardboard tubes. Give them a future job before they become a collection with no reason.
BONG-0755,Shops & Services,A rental service for the one specialized tool you need for the last screw. The whole project shouldn't cost another toolbox.
BONG-0756,Sleep & Dreams,An alarm that waits until the dream reaches a doorway. At least let me leave the scene instead of disappearing halfway through a sentence.
BONG-0757,Space & Big Questions,"If you left a trail of breadcrumbs in space, would following it home still work once everything had moved?"
BONG-0758,Music & Sound,A concert where every instrument gradually moves farther from the audience. The ending would sound like the song leaving without saying goodbye.
BONG-0759,Clothing & Personal Style,An outfit designed by someone who only knows the sounds it makes while you walk.
BONG-0760,Perception & What-Ifs,"If objects made the sound their names suggest, which part of your kitchen would become unbearable?"
BONG-0761,Food & Cooking,"A restaurant with no starters, just one enormous middle. You turn up halfway through a meal that's already happening."
BONG-0762,Home & Everyday Objects,"A soap dish with a little ramp for the last sliver. Let it join the next bar instead of living a separate, slippery life."
BONG-0763,Friendship & Social Life,I'd like a reunion where people bring one thing they've changed their mind about instead of an update on their job.
BONG-0764,Time & Memory,An address book organized by where you met people. One badly planned evening might turn out to occupy half the book.
BONG-0765,Language & Communication,"If your voice got quieter every time you repeated an argument, would you find a new argument or just move closer?"
BONG-0766,Nature & Outdoors,"If every stone remembered its warmest day, how far would you have to walk to find a different summer?"
BONG-0767,Animals & Pets,What if you could swap senses with your dog for one minute? I'd spend most of it finding out why that one lamp post matters.
BONG-0768,Travel & Transport,An airline map that tells you which bit of your journey would be underwater if you were walking instead.
BONG-0769,Cities & Public Spaces,A cinema exit with a quiet room for the ten minutes when you're not ready for traffic and fluorescent lights again.
BONG-0770,Art & Creativity,A play where the props have to be passed from one scene into the next. The detective can't start until the breakfast scene gives back his mug.
BONG-0771,Games & Play,A game where you can buy extra thinking time by giving your opponent more turns later.
BONG-0772,Learning & Skills,"A history timeline measured in ordinary people's lifetimes, so you can see which 'long ago' events could have been discussed at the same dinner."
BONG-0773,Technology & Screens,"A digital map you can crease and scribble on like paper, then unfold back to normal without losing the notes."
BONG-0774,DIY & Making,Build a handheld viewfinder that crops the room into different movie shapes. Find out which corner suddenly looks like a film when you hide the clutter.
BONG-0775,Shops & Services,A hotel that lets you test the pillow before checking in. I'd rather find out now than at 2 a.m. while folding a towel into a replacement.
BONG-0776,Sleep & Dreams,"Dream replays with two audio tracks: what happened in your room, and what the dream turned it into. I want to identify the car alarm's character."
BONG-0777,Space & Big Questions,"If gravity stopped working on things nobody was using, every junk drawer would become a much more urgent problem."
BONG-0778,Music & Sound,"A song where the bass line is hidden in a second song, and playing them together is the only way to hear the full version."
BONG-0779,Clothing & Personal Style,"A reversible rain hat with a bright inside, so someone looking down from a window can see whether you want to be spotted."
BONG-0780,Perception & What-Ifs,A room where every label describes what the object almost became during manufacturing. A chair could introduce itself as a possible bookshelf.
BONG-0781,Food & Cooking,An ice cream scoop that stamps the flavor name into the scoop. Give vanilla and coconut a way to explain themselves.
BONG-0782,Home & Everyday Objects,A tap that remembers how far you usually turn it. I keep negotiating with the same piece of metal every morning.
BONG-0783,Friendship & Social Life,A picnic where everyone brings the snack their family thought was completely normal. Half the conversation would be 'you ate what with that?'
BONG-0784,Time & Memory,A clock that gets a new hand every time someone in the house starts a timer. Dinner would look like a small emergency on the wall.
BONG-0785,Language & Communication,"A map of a conversation, with a dot showing where the original question was. I'd like to know how we got from buying milk to ghosts."
BONG-0786,Nature & Outdoors,A flowerbed planted to look like a mess from the path and a picture from an upstairs window.
BONG-0787,Animals & Pets,A camera following a feather from the moment it falls out to wherever it finally stops. One bird could leave a very long story behind.
BONG-0788,Travel & Transport,A hostel where guests draw one useful thing they learned about the place on the wall before leaving.
BONG-0789,Cities & Public Spaces,"A street made entirely of front doors to rooms people can rent by the hour. One kitchen, one workshop, one room big enough for the thing you can't fit at home."
BONG-0790,Art & Creativity,A mural made from small tiles painted by people who each saw only a close-up of the reference photo.
BONG-0791,Games & Play,"A cooperative game where the goal is to lose in a very particular way, without making the same mistake twice."
BONG-0792,Learning & Skills,A lesson that gets shorter every time you correctly explain part of it back. No sitting through the bit you already understand.
BONG-0793,Technology & Screens,A camera with a second shutter button for 'this is just to remember where I put it.' Keep those pictures out of the holiday album.
BONG-0794,DIY & Making,Make a flipbook using holes instead of drawings. Whatever you hold it in front of becomes the moving character.
BONG-0795,Shops & Services,"An auction where sellers must give the least flattering accurate description. I'd trust 'table, wobbles unless near a wall.'"
BONG-0796,Sleep & Dreams,A dream with subtitles that disagree with what the characters say. Which version would you believe when you wrote it down?
BONG-0797,Space & Big Questions,"What if the first message from aliens was an answer, and we had to figure out which question we'd accidentally asked?"
BONG-0798,Music & Sound,An album where each song gets shorter and its ending becomes the next song's beginning. Eventually it turns into one held note.
BONG-0799,Clothing & Personal Style,A clothing swap where you bring a photo of the outfit you meant to wear the item with. Someone else might own the missing half.
BONG-0800,Perception & What-Ifs,Every 'maybe later' creates an object you have to carry until you decide. How quickly would you become a yes-or-no person?
BONG-0801,Food & Cooking,"There should be a 'one spoon of everyone else's dessert' option. I want information, not another whole pudding."
BONG-0802,Home & Everyday Objects,A ceiling fan with a blank blade you can decorate so the pattern only appears while it's moving.
BONG-0803,Friendship & Social Life,"Friends should get one purchase veto each year. If they talk you out of something, they have to hear about it whenever it would have been useful."
BONG-0804,Time & Memory,What if you could pause a good moment but everything you thought during the pause was spoken out loud afterward?
BONG-0805,Language & Communication,A book you can read from either end. The two narrators meet in the middle and disagree about what just happened.
BONG-0806,Nature & Outdoors,A beach map drawn at low tide and a transparent one drawn at high tide. Move them over each other to see which bit of land is on loan.
BONG-0807,Animals & Pets,"If spiders could choose their web color, would they make it harder to see or start showing off?"
BONG-0808,Travel & Transport,What if every border asked you to explain one thing from home that would look ridiculous to someone outside it?
BONG-0809,Cities & Public Spaces,A library shelf that leaves the gap when a book is borrowed. You could see what the town is thinking about by what's missing.
BONG-0810,Art & Creativity,An exhibition you explore with a flashlight. The visitor decides the order in which the picture exists.
BONG-0811,Games & Play,Table tennis with a target you're both trying to keep the ball away from. The rally becomes more important than who hit it last.
BONG-0812,Learning & Skills,What would you try learning if nobody was allowed to see your first twenty attempts?
BONG-0813,Technology & Screens,A game controller that remembers how you held it during your favorite game and lights up the buttons you actually used.
BONG-0814,DIY & Making,Make a cardboard switchboard for assigning household noises to imaginary causes. The fridge hum can be the engine; the creaky stair gets a warning light.
BONG-0815,Shops & Services,A tailor who starts by asking which movement your clothes keep stopping you from doing.
BONG-0816,Sleep & Dreams,"If a dream character asked what you did for a living, could you explain it without realizing how strange the real answer sounds?"
BONG-0817,Space & Big Questions,A planet where the ground is comfortable enough that nobody ever invents mattresses. How strange would a bed shop look to a visitor?
BONG-0818,Music & Sound,A pair of headphones with a tiny external speaker for sharing just one bar of a song. Enough to say 'this bit' without handing over the whole headset.
BONG-0819,Clothing & Personal Style,A jacket that changes color along its fold lines. Leave it on the same chair enough times and the chair starts designing it.
BONG-0820,Perception & What-Ifs,"What if the thing you were looking for glowed, but only while you genuinely weren't looking for it?"
BONG-0821,Food & Cooking,A food festival where the dishes are sorted by the sound they make when you bite them.
BONG-0822,Home & Everyday Objects,"A remote with a transparent battery compartment. When it stops working, I want to see whether I stole a battery for something else."
BONG-0823,Friendship & Social Life,What if you could see the chain of introductions connecting you to a stranger? We might spend less time saying we know nobody at parties.
BONG-0824,Time & Memory,Take a photo of the view from the same rented room every time you move out. The final album is all the things you stopped looking at.
BONG-0825,Language & Communication,What if you could erase one word from everyone's vocabulary for a day? Would people avoid the idea or get surprisingly good at explaining it?
BONG-0826,Nature & Outdoors,What if the seasons arrived room by room instead of country by country? I'd move the sofa into whichever room was currently autumn.
BONG-0827,Animals & Pets,A pet adoption profile written around the animal's actual daily routine. Tell me how many times I'm expected to open the same door.
BONG-0828,Travel & Transport,A bike basket that detaches into a proper shopping basket without making you carry the mounting bracket around the shop.
BONG-0829,Cities & Public Spaces,"A community shelf for unfinished kits, with a note saying which step made the previous owner stop."
BONG-0830,Art & Creativity,A film where the only cut happens when somebody blinks. The actors would have more control over the editing than usual.
BONG-0831,Games & Play,"A card game where you can trade hands with somebody, but only before looking at your own."
BONG-0832,Learning & Skills,A book of common measurements illustrated at actual size. Open to the right page and put the thing directly on it.
BONG-0833,Technology & Screens,"A camera mode for life-size photos. Photograph a coin, print a coin-sized picture, and stop putting rulers beside everything you're trying to explain."
BONG-0834,DIY & Making,A folding tray that clips to the side of a laundry basket for the objects found in pockets. Keep the evidence with the load it came from.
BONG-0835,Shops & Services,A cafe with one table for people who want to work on something together but haven't met the other people yet.
BONG-0836,Sleep & Dreams,"What if you could send a postcard from a dream, but the picture changed every time somebody tried to describe it?"
BONG-0837,Space & Big Questions,"If every mirror showed the same place instead of reflecting the room, somebody would eventually try to find it."
BONG-0838,Music & Sound,"A book of songs described by people who can't sing them. 'It goes up, then gets annoyed, then there's a trumpet maybe.'"
BONG-0839,Clothing & Personal Style,A jacket lining printed with the pattern pieces used to make the jacket. The inside explains why the outside has that weird seam.
BONG-0840,Perception & What-Ifs,"If you could erase one expectation before trying something familiar, which ordinary thing would feel most different?"
BONG-0841,Food & Cooking,What would a chef make if you gave them a shopping list written by someone who only remembered the colors of the ingredients?
BONG-0842,Home & Everyday Objects,Why isn't there a narrow cupboard that opens from both the kitchen and dining room? Dirty plates could take a shorter route than the people carrying them.
BONG-0843,Friendship & Social Life,A leaving gift made entirely of the phrases the person always says. They could finally see how much of them is still going to be in the room.
BONG-0844,Time & Memory,Would you rather get a perfect memory of one lost afternoon or find out what you've been remembering wrong about it?
BONG-0845,Language & Communication,A pencil that writes questions in a different color from answers. My notes would reveal how little of the page is settled.
BONG-0846,Nature & Outdoors,"A walking stick with a little removable seat for your bag, not for you. Somewhere dry to put it while you check what's inside."
BONG-0847,Animals & Pets,I wonder which human invention a crow would choose to explain to another crow. It probably wouldn't be the one we're proudest of.
BONG-0848,Travel & Transport,"A road sign that shows the next three places you can safely stop, with pictures of the actual view from each one."
BONG-0849,Cities & Public Spaces,"A city map that shows the sounds you lose when you turn each corner. Somewhere nearby, there's probably a street that's much quieter than you expect."
BONG-0850,Art & Creativity,Make a portrait of a place using only the colors you remember. Go back later and see which color your memory invented.
BONG-0851,Games & Play,"A puzzle hidden in a normal-looking receipt. The items are the clues, and the total is where you begin."
BONG-0852,Learning & Skills,"A course taught by someone who learned the skill last month, with an expert nearby. The beginner might still remember which bits needed explaining."
BONG-0853,Technology & Screens,What if your online avatar aged only while you were scrolling? I'd recognize some people's hobbies from across a virtual room.
BONG-0854,DIY & Making,Make a paper sculpture by cutting along every line in an old doodle. See whether the scribble was secretly holding a shape together.
BONG-0855,Shops & Services,A delivery box with a return label already inside and enough tape left to close it again. Returning it shouldn't require a craft project.
BONG-0856,Sleep & Dreams,"A duvet with a soft fold-out pocket for your feet that doesn't make the rest of the bed hotter. I have one cold bit, not a whole cold person."
BONG-0857,Space & Big Questions,A spaceship that measures distance in meals eaten since departure. It would be less precise but much easier to complain about.
BONG-0858,Music & Sound,"A guitar pick made to wear into a new shape. The longer you play, the more the sound belongs to your particular bad habits."
BONG-0859,Clothing & Personal Style,Socks with the date you first wore them stitched on the sole. I want to know which pair has been quietly doing twelve years of work.
BONG-0860,Perception & What-Ifs,A picture that changes depending on which part you look at first. You'd have to describe it before anyone else entered the room.
BONG-0861,Food & Cooking,A cake with the recipe printed on edible paper between the layers. Every slice tells you a different part of how it happened.
BONG-0862,Home & Everyday Objects,A rug with a removable central strip for the dog to walk over after rain. Wash the muddy bit without dismantling the living room.
BONG-0863,Friendship & Social Life,A swap night for things you've made but don't need. Bring the good crooked bowl. Someone has a perfect use for the crooked bit.
BONG-0864,Time & Memory,A day that lasts until you finish telling someone about it. Long stories would start to become a practical problem.
BONG-0865,Language & Communication,A phrasebook for talking to your past self at different ages. The explanation that works at sixteen would annoy you at thirty.
BONG-0866,Nature & Outdoors,An outdoor table with a shallow clear top that catches rain. Lunch would happen underneath a tiny pond until you tipped it out.
BONG-0867,Animals & Pets,A cat flap shaped like a little revolving door. The cat could change its mind without having to go anywhere.
BONG-0868,Travel & Transport,"A hotel with a drawer of things previous guests meant to bring but forgot, cleaned and donated voluntarily. The best travel checklist would build itself."
BONG-0869,Cities & Public Spaces,A public clock that briefly displays the time in the city's twin town. Two places could be having completely different parts of the same day.
BONG-0870,Art & Creativity,An animated film made entirely from the accidental faces you find in buildings and household objects.
BONG-0871,Games & Play,A game where the map is drawn by the player who got lost on it last time.
BONG-0872,Learning & Skills,A museum room showing the tools needed to make the tools in the next room. Keep walking backward until you reach a rock.
BONG-0873,Technology & Screens,A laptop lid with a mechanical sign showing whether it was closed by choice or because the battery died. Future me needs the context.
BONG-0874,DIY & Making,"A reusable gift box that becomes a different object each time it's folded. By the third birthday, the packaging has its own history."
BONG-0875,Shops & Services,A bookshop shelf called 'you can understand this without reading the five books it keeps referring to.'
BONG-0876,Sleep & Dreams,A bed that gives you the next dream's title before you lie down. 'The Conference' would send me straight back to the sofa.
BONG-0877,Space & Big Questions,"What if the edge of the universe turned out to be somewhere extremely ordinary, like the back of a cupboard? Would we still build a visitor center?"
BONG-0878,Music & Sound,What if every object made a different note when it was exactly where you usually keep it? Tidying would eventually produce a chord.
BONG-0879,Clothing & Personal Style,"A dress with hems you can move between marked positions. Choose the length according to the chair, not just the mirror."
BONG-0880,Perception & What-Ifs,"What if every object had one invisible side, but it was a different side for each person?"
BONG-0881,Food & Cooking,An onion-shaped container for storing half an onion. Close it and briefly pretend you haven't started cooking yet.
BONG-0882,Home & Everyday Objects,A doorstop that looks like the missing corner of the door. The room would appear to be slightly unfinished whenever it was open.
BONG-0883,Friendship & Social Life,"Friends should be able to borrow each other's confidence for one awkward phone call, with the actual friend sitting nearby doing the hand gestures."
BONG-0884,Time & Memory,"A diary showing only the people mentioned, with names getting bigger each time. You might see a friendship arriving before you knew it mattered."
BONG-0885,Language & Communication,"A crossword printed over a short story. All the answers are in the story, but filling the grid gradually covers up your evidence."
BONG-0886,Nature & Outdoors,"Could you make a fence cast the shadow of something completely different? A row of boring posts by morning, a forest on the pavement by afternoon."
BONG-0887,Animals & Pets,"If a dog saw you in a mascot costume, would it recognize your smell and wonder why you'd bothered changing shape?"
BONG-0888,Travel & Transport,An airport seating area organized by how long you have left. The people with eight hours shouldn't be fighting for the same upright chairs as everyone else.
BONG-0889,Cities & Public Spaces,What if every building had to leave one brick from the previous building visible? A street could keep its history without looking like it never changed.
BONG-0890,Art & Creativity,A stage play where the scenery gets more realistic every time a character tells the truth.
BONG-0891,Games & Play,A competition to build the tallest thing that still fits back into the bag it came from.
BONG-0892,Learning & Skills,An exam where you write the question as well as the answer. The hard part is making a question worth answering.
BONG-0893,Technology & Screens,A drawing program with one shared line that two people can pull from opposite ends. You'd have to negotiate the shape instead of taking turns.
BONG-0894,DIY & Making,Build a cardboard machine with one handle and as many pointless moving parts as you can manage. The only useful output is watching the handle work.
BONG-0895,Shops & Services,A shop where you can bring an object and trade for anything that takes up exactly the same amount of space. At least the clutter stops expanding.
BONG-0896,Sleep & Dreams,"What if waking up in the same room every morning was the recurring dream, and all the other places were where you actually lived?"
BONG-0897,Space & Big Questions,"If you left a message on a planet before anything lived there, how would you make it obvious which way up to read it?"
BONG-0898,Music & Sound,A silent disco where everyone hears a different instrument from the same song. You have to watch the other dancers to guess the missing rhythm.
BONG-0899,Clothing & Personal Style,A jumper you can unravel from the bottom to knit matching gloves. You have to decide which part of you needs the wool most.
BONG-0900,Perception & What-Ifs,What if you could see the last place an object was warm? A mug might carry a picture of the hand that held it.
BONG-0901,Food & Cooking,A lunchbox with a removable wall between two meals. Keep them apart until you're sure they're worth combining.
BONG-0902,Home & Everyday Objects,"A clothes airer whose empty bars fold away individually. As things dry, you slowly get your room back."
BONG-0903,Friendship & Social Life,"A dinner where the seating plan is based on what people are curious about, not who already knows whom."
BONG-0904,Time & Memory,What if your shadow aged at twice your speed? You'd get a strange preview every time you walked past a streetlight.
BONG-0905,Language & Communication,Every household has a name for the thing nobody knows the proper name of. Someone should collect them before we all find out and ruin it.
BONG-0906,Nature & Outdoors,A public garden planted with seeds brought back from people's own gardens nearby. You could see which parts of the neighborhood get along.
BONG-0907,Animals & Pets,"A map of the places a house cat naps, drawn as if they were separate holiday destinations."
BONG-0908,Travel & Transport,"A city break planned by someone who only knows what you dislike. No crowded lifts, no loud dinners, and absolutely no compulsory sunrise."
BONG-0909,Cities & Public Spaces,"A park path that widens wherever people naturally stop talking and start standing in the way. Design around the pause, not just the walking."
BONG-0910,Art & Creativity,"Paint the frame first, then fit the picture into the space left over. Let the frame be wildly uneven so it actually changes what you paint."
BONG-0911,Games & Play,A video game where one person controls the character's legs and another controls where they're looking. Crossing an empty room becomes a relationship test.
BONG-0912,Learning & Skills,"A repair lesson where the student breaks a deliberately simple cardboard mechanism, then teaches someone else how they fixed it."
BONG-0913,Technology & Screens,A computer folder that shows the first and last file side by side. Find out how far the project wandered from what you thought it was.
BONG-0914,DIY & Making,"A magnetic bookmark with a little arrow that points at the exact sentence, not just the page where you stopped."
BONG-0915,Shops & Services,A service that turns a complicated family recipe into instructions someone outside the family can follow. 'The usual pan' has finally met its limit.
BONG-0916,Sleep & Dreams,"A dream where you can fly, but only as fast as you can convincingly explain how flying works."
BONG-0917,Space & Big Questions,An alien species with no concept of 'inside' would have a difficult first afternoon with an envelope.
BONG-0918,Music & Sound,A band that writes a song around the one sound nobody can identify in a recording. Name the song only after somebody finds the source.
BONG-0919,Clothing & Personal Style,Gloves with a towel strip on the backs. Somewhere dry to wipe the rain off your glasses without taking your gloves off.
BONG-0920,Perception & What-Ifs,A pair of glasses that makes every straight line look slightly curved. How long before your own drawing started bending to match?
BONG-0921,Food & Cooking,I'd eat at a place that serves the first and latest versions of the same dish side by side. Let me taste what the chef changed their mind about.
BONG-0922,Home & Everyday Objects,A tissue box with a little slot for the tissues you pulled out by accident. Clean ones need somewhere to go too.
BONG-0923,Friendship & Social Life,Get everyone to bring a sealed prediction of what the evening's biggest argument will be. Open them after the argument.
BONG-0924,Time & Memory,"A family timeline measured in kitchens, not years. 'That happened in the house with the blue tiles' is already how half the stories work."
BONG-0925,Language & Communication,Imagine captions that describe only what's happening just outside the photo. You'd have to guess the picture from what it left out.
BONG-0926,Nature & Outdoors,A campsite where every pitch has a frame aimed at its best piece of sky. You book the view before choosing the ground.
BONG-0927,Animals & Pets,A dog show judged by dogs. I'd like to see which of our standards survive the first round.
BONG-0928,Travel & Transport,"What if you could see where everyone on a train had started their day, without knowing which person belonged to which place?"
BONG-0929,Cities & Public Spaces,A shopfront that lends its window to someone who has nothing to sell. Just something they want the street to see.
BONG-0930,Art & Creativity,A photo series of the thing everyone puts down just before posing for a photo.
BONG-0931,Games & Play,A board game played on top of and underneath the table. Move a piece downstairs and you lose sight of what happens to it next.
BONG-0932,Learning & Skills,A history book with a margin showing what an ordinary breakfast might have looked like at that point in the story.
BONG-0933,Technology & Screens,A digital clock with a knob that lets you browse the alarms you set in previous years. Some past mornings would need an explanation.
BONG-0934,DIY & Making,Make an adjustable stand for the oddly shaped thing you always have to prop up with another oddly shaped thing.
BONG-0935,Shops & Services,A barber with a mirror showing your hair from the angle everyone else sees when you're looking at your phone.
BONG-0936,Sleep & Dreams,"A book of dream objects, with the impossible bit circled. Most of them would look normal until someone tried to build the handle."
BONG-0937,Space & Big Questions,What if each planet had one sound you could hear from anywhere on it? Choosing Earth's would become an argument nobody could escape.
BONG-0938,Music & Sound,A playlist for a book that changes when you turn the page. Slow readers get longer solos.
BONG-0939,Clothing & Personal Style,A bag designed to stand upright on a sloped bus floor. I've bought too many containers that immediately want to become a spill.
BONG-0940,Perception & What-Ifs,What if you could put one thought down on a table and walk around it before deciding whether to keep it?
BONG-0941,Food & Cooking,A biscuit that's deliberately thicker where people usually hold it. The handle shouldn't collapse before the part you're actually dunking.
BONG-0942,Home & Everyday Objects,A porch roof that projects the shape of falling rain onto the wall inside. You could watch the weather without getting up.
BONG-0943,Friendship & Social Life,"Give everyone one interruption token at a gathering. You can stop any story once, but now the room gets to judge whether your point was worth it."
BONG-0944,Time & Memory,"The next time you move, record the sound of shutting the old front door. It's probably the last time you'll hear it from that side."
BONG-0945,Language & Communication,A novel whose narrator can hear through walls but can't see through them. The reader has to work out how many people are actually in the house.
BONG-0946,Nature & Outdoors,"If fallen leaves kept their shape but turned transparent, would autumn look more like winter or like broken windows everywhere?"
BONG-0947,Animals & Pets,A bird bath with a shallow beach instead of a sudden edge. Every bird gets to choose how much bath it was planning to have.
BONG-0948,Travel & Transport,"A coach journey with an optional stop just because the light looks good. No attraction, no souvenir shop, five minutes to look."
BONG-0949,Cities & Public Spaces,A public drinking fountain with a bottle holder so you can fill the bottle while actually using both hands for something else.
BONG-0950,Art & Creativity,A sculpture balanced on a single removable piece. The artist has to explain why that one piece deserves to stay.
BONG-0951,Games & Play,A race between paper boats where the only legal way to move them is by moving the tray of water underneath.
BONG-0952,Learning & Skills,"A practical lesson where the instructor is only allowed to point, not speak. Find out which tools explain themselves and which absolutely don't."
BONG-0953,Technology & Screens,A video player that shows the scene you just skipped as one still image. Let me check whether I accidentally jumped over the whole answer.
BONG-0954,DIY & Making,Make a folding card whose drawing only makes sense when it's half-open. The most important part of the picture lives in the crease.
BONG-0955,Shops & Services,A hotel chain where you can reserve the same room number in every town. I'd develop unreasonable loyalty to the seventh door on the left.
BONG-0956,Sleep & Dreams,"If you could keep one skill from a dream without choosing which, would you risk getting very good at running without moving?"
BONG-0957,Space & Big Questions,A universe where wishing someone luck transfers some of your luck to them. 'Good luck' would become something you only said when you meant it.
BONG-0958,Music & Sound,An album with two endings. The one you hear depends on whether you listened straight through or kept skipping tracks.
BONG-0959,Clothing & Personal Style,"A shirt pattern made from enlarged stitching, with the real stitches hidden inside the drawing of stitches."
BONG-0960,Perception & What-Ifs,"If a room got quieter the more people misunderstood the conversation, some meetings would become completely silent."
BONG-0961,Food & Cooking,What if birthday candles counted down instead of up? Not your age. Just the seconds until everyone finally lets you eat.
BONG-0962,Home & Everyday Objects,What if each room kept the smell of the best meal ever eaten in it? Kitchens would become extremely competitive with dining rooms.
BONG-0963,Friendship & Social Life,Find the oldest unread message in a conversation with a close friend and answer it as if no time has passed.
BONG-0964,Time & Memory,"A clock you set by moving the hands to where you wish they were. It doesn't change time, but it tells the rest of the house something."
BONG-0965,Language & Communication,What if sarcasm required written permission from the person you were talking to? Some conversations would need a lot of paperwork before starting.
BONG-0966,Nature & Outdoors,A wind vane that draws where the wind has been all day instead of only pointing where it is now.
BONG-0967,Animals & Pets,"Would fish consider a waterfall a road, a cliff, or weather?"
BONG-0968,Travel & Transport,A travel diary written by the person who stayed home. Compare what they imagined you were doing with what you actually did.
BONG-0969,Cities & Public Spaces,"What if roofs were numbered as clearly as doors? Birds would still ignore it, but arriving by balloon would become much less confusing."
BONG-0970,Art & Creativity,A drawing with a different horizon along each edge. Turn the paper and a different part of the scene becomes upright.
BONG-0971,Games & Play,A game where you score points for noticing when someone quietly changes one object in the room between rounds.
BONG-0972,Learning & Skills,"A learning diary that records what you used to think was difficult. Later, you can see the bit you've started pretending was always obvious."
BONG-0973,Technology & Screens,A website you navigate by opening nested boxes. The smallest box should contain something that makes the whole search feel slightly unreasonable.
BONG-0974,DIY & Making,Turn an old drawer into a wall-mounted display of its former contents. Keep the dividers so it still looks like a drawer pretending to be art.
BONG-0975,Shops & Services,A shop that keeps your unwanted stuff for a month before selling it. A trial separation from the waffle maker.
BONG-0976,Sleep & Dreams,A bedtime story where the sentences get shorter as the listener stops answering questions.
BONG-0977,Space & Big Questions,A museum of things we would have invented differently if our hands had one extra finger. Start with gloves and keep going until the rooms get weird.
BONG-0978,Music & Sound,"A sound museum where you can hear an old mechanism before seeing what made the noise. Guess first, then open the little door."
BONG-0979,Clothing & Personal Style,A wardrobe challenge where you wear one item every day for a month without repeating the rest of the outfit. Find out which thing actually connects your clothes.
BONG-0980,Perception & What-Ifs,A museum where exhibits grow when people look at them. The least popular object might be the only one you can still fit past.
BONG-0981,Food & Cooking,A bread roll with a trapdoor underneath for adding more filling halfway through. Some lunches need a second attempt.
BONG-0982,Home & Everyday Objects,A set of nesting storage boxes that gets less important as you open it. Inside the final one is the screw you went to all that trouble to keep.
BONG-0983,Friendship & Social Life,An introduction where each person says what the other one taught them. Even 'how to open this jar' is more interesting than listing job titles.
BONG-0984,Time & Memory,"If time travel had baggage limits, what ordinary thing from today would be worth using your allowance on?"
BONG-0985,Language & Communication,Write a message using only the words printed on the packaging beside you. See how personal you can get with cereal instructions.
BONG-0986,Nature & Outdoors,A balcony planter built like a stepped hillside. One end of a tiny mountain range above the bins.
BONG-0987,Animals & Pets,A pet memorial made from a map of its favorite route. Anyone who knew the animal could point to the exact place it always refused to move on.
BONG-0988,Travel & Transport,An overnight train with a floor display showing how far you traveled while asleep. Step out of bed onto a different part of the map.
BONG-0989,Cities & Public Spaces,A square with a giant chalk clock everyone can update. You'd find out whether a whole town can agree on being roughly on time.
BONG-0990,Art & Creativity,"A film where the background sound is from the same location one year later. Nothing supernatural happens, but the place doesn't quite sound like itself."
BONG-0991,Games & Play,"A detective game you win by proving which clues don't matter. The aim is to make the evidence pile smaller, not collect everything in the room."
BONG-0992,Learning & Skills,A science fair for questions too small for anyone to fund. I want properly collected evidence about which mug makes tap water seem fanciest.
BONG-0993,Technology & Screens,An email that shows its journey as an animated envelope. I want to see how much machinery it took to send 'yep.'
BONG-0994,DIY & Making,Put a removable paper floor in your repair tray. The marks and outlines left after a project could become a picture of how you fixed it.
BONG-0995,Shops & Services,A cafe with a menu of different lengths of silence. Order the ten-minute version and nobody asks whether everything is all right.
BONG-0996,Sleep & Dreams,"What if you could share a dream with a friend, but each person remembered a completely different genre the next morning?"
BONG-0997,Space & Big Questions,What if the sky had a maximum number of stars you could notice in one lifetime? Would you look carefully or save some for later?
BONG-0998,Music & Sound,"If silence had a recognizable melody, would we still turn music on while waiting for something?"
BONG-0999,Clothing & Personal Style,"A shoe shop that lets you take a photo of the pair you're wearing out. Ten years later, you'd have a portrait made entirely of what carried you around."
BONG-1000,Perception & What-Ifs,"What if a familiar place looked new every time you entered it, but you still knew exactly where the cups were?"
